category,position_title,tfidf_similarity,embedding_similarity,skill_overlap,length_diff,weighted_skill_overlap,experience_gap,keyword_strength,section_similarity,label
ADVOCATE,CEO/Co-Founder,0.03472123948312341,0.03298517750896724,0.5,0.0,0.5,0.0,0.0,0.0,0
BUSINESS-DEVELOPMENT,"Senior Accountant - Florham Park, NJ",0.06697596317243026,0.06362716501380875,1.0,0.5486666666666666,0.5,0.0,0.0,0.14577994856555235,1
HEALTHCARE,Marketing Advisor,0.07764780131103696,0.07376541124548511,0.5,0.0,0.5,0.0,0.0,0.02300638027184352,0
TEACHER,"Equity Research Associate, Biotech",0.03456049014875548,0.032832465641317705,0.0,0.12933333333333333,0.5,0.0,0.0,0.04677045048075551,0
SALES,Retail Sales Associate (part-time) - 162,0.06170038165897411,0.058615362576025405,0.5,0.0,0.5,0.0,0.0,0.0,1
INFORMATION-TECHNOLOGY,Work From Home Administrative Assistant Skills (Data Entry - Remote),0.06496309561400278,0.06171494083330264,1.0,0.49866666666666665,0.5,10.0,0.0,0.0,1
INFORMATION-TECHNOLOGY,Warehouse Supervisor,0.007308635104091504,0.006943203348886928,0.5,0.0,0.5,0.0,0.0,0.0,0
SALES,Sales Executive Richmond Hotel,0.04580463764565011,0.043514405763367604,0.5,0.0,0.5,0.0,0.0,0.027826218547493595,1
FITNESS,Compliance Manager,0.01417108648108367,0.013462532157029486,0.5,0.36666666666666664,0.5,0.0,0.0,0.0,1
PUBLIC-RELATIONS,Solo Class A CDL Driver,0.04042172826878347,0.038400641855344295,0.5,0.5143333333333333,0.5,0.0,0.0,0.035716437152346084,0
FINANCE,Bank Teller,0.06649515295674142,0.06317039530890435,0.5,0.0,0.5,0.0,0.0,0.0,1
INFORMATION-TECHNOLOGY,"Manager, Data Analytics",0.03605325782924823,0.03425059493778582,0.5,0.5573333333333333,0.5,17.0,0.125,0.0,1
HEALTHCARE,"Advocate, Patient Empowerment- REMOTE",0.0959534260141661,0.09115575471345778,0.5,0.0,0.5,20.0,0.125,0.0652701881686524,1
ADVOCATE,$17.50hr - Patient Advocate - Part Time Position - Mon - Fri ...,0.06516043607567812,0.06190241427189421,0.5,0.7193333333333334,0.5,4.0,0.0,0.0,1
FITNESS,"Career Coach, Alumni Talent Services",0.046639667787245716,0.04430768439788343,0.0,0.0,0.5,12.0,0.125,0.0,1
DESIGNER,Automotive Business Development Center (BDC) Representative,0.04727014244944498,0.044906635326972734,0.0,0.3486666666666667,0.5,0.0,0.125,0.0,0
INFORMATION-TECHNOLOGY,"Systems Administrator, IT (Brooklyn, NY)",0.04784715997926124,0.04545480198029818,0.0,0.097,0.0,0.0,0.0,0.0,1
HEALTHCARE,Data Entry Specialist,0.03296748468884717,0.03131911045440481,0.5,0.21033333333333334,0.5,15.0,0.0,0.009536456145993626,0
ENGINEERING,Medical Receptionist,0.02548014222877201,0.024206135117333407,0.5,0.4266666666666667,0.5,0.0,0.125,0.016392566481737564,0
BUSINESS-DEVELOPMENT,"K-12 Director of Educational Partnerships, Northeast - Remote #1931",0.09256354298661987,0.08793536583728886,0.0,0.0,0.5,32.0,0.125,0.0,1
CONSTRUCTION,Marketing Visionary,0.08420429542100195,0.07999408064995185,0.5,0.27366666666666667,0.5,21.0,0.125,0.08701234950451957,0
AVIATION,Network System Administrator,0.06381544727211788,0.060624674908511984,0.0,0.0,0.0,0.0,0.0,0.03819453119007787,0
HR,Sales Associate – Luxury Brand in NYC!,0.0884017989037473,0.08398170895855993,0.5,0.2826666666666667,0.5,8.0,0.0,0.0,0
SALES,"Account Executive - Columbus, OH - AMO Sales and Services, Inc..",0.09624497211164852,0.09143272350606609,0.5,0.0,0.5,17.0,0.125,0.0,1
DESIGNER,Art director,0.17150585713049407,0.16293056427396935,0.5,0.0,0.5,0.0,0.0,0.0,1
BANKING,Human Resource Coordinator,0.040845531651237395,0.038803255068675525,0.5,0.6433333333333333,0.5,7.0,0.125,0.010164735171003728,1
HEALTHCARE,Patient Care Tech,0.1411760433050496,0.13411724113979712,0.5,0.0,0.5,0.0,0.0,0.0,1
BANKING,Work From Home - BEGIN IMMEDIATELY - Data Entry Clerk,0.0425850829822415,0.040455828833129426,0.5,0.38566666666666666,0.5,20.0,0.0,0.015491292408335081,0
PUBLIC-RELATIONS,GRC Product Risk Analyst (Remote),0.04422237450793014,0.042011255782533626,0.0,0.0,0.5,0.0,0.125,0.0,0
ADVOCATE,Commercial Litigation Attorney,0.011355697735170707,0.01078791284841217,0.5,0.6916666666666667,0.5,0.0,0.0,0.0,1
DESIGNER,"Equity Research Associate, Biotechnology",0.05130587402518742,0.04874058032392805,0.5,0.003,0.5,0.0,0.0,0.0321788811500334,1
DESIGNER,Sales Associate – Luxury Brand in NYC!,0.06390538577896947,0.06071011649002099,0.5,0.2826666666666667,0.5,0.0,0.0,0.0,1
DIGITAL-MEDIA,"Executive Administrative Assistant, Brokerage",0.04754508366664635,0.045167829483314034,0.0,0.20033333333333334,0.5,0.0,0.125,0.0,0
AGRICULTURE,Engineering Lead - Analytics Platform,0.05393294591584431,0.05123629862005209,0.0,0.0,0.0,3.0,0.0,0.0,0
FINANCE,Business Analyst- Supply Chain,0.056839816396411585,0.053997825576591,0.0,0.0,0.5,0.0,0.0,0.06743557494279506,1
CONSTRUCTION,Program Coordinator,0.041589695463537774,0.039510210690360884,0.5,0.10266666666666667,0.5,10.0,0.25,0.0,0
FINANCE,Vice President of Solution Sales - Financial Services,0.06566725143995909,0.06238388886796113,0.5,0.0,0.5,0.0,0.0,0.09087379697000786,1
HEALTHCARE,Clinical Account Executive,0.039522348844055935,0.03754623140185313,0.5,0.03766666666666667,0.5,15.0,0.0,0.0,1
BUSINESS-DEVELOPMENT,MARKETING SPECIALIST,0.022150774938160624,0.02104323619125259,0.5,0.148840206185567,0.5,0.0,0.0,0.018271748154595365,0
ENGINEERING,Design Consultant,0.047991267173742594,0.045591703815055465,0.5,0.0,0.5,0.0,0.125,0.028975434022072907,0
APPAREL,CEO - Cannabis & Investment,0.05270631629341786,0.05007100047874697,0.0,0.0,0.5,0.0,0.0,0.020449873102675202,1
ADVOCATE,Loss Prevention (LP) Detective,0.047359574931146536,0.04499159618458921,0.5,0.0,0.5,25.0,0.125,0.01337900067038117,0
AGRICULTURE,Management Consulting Director- Strategy and Operations (San...,0.042751153848356156,0.04061359615593835,0.5,0.0,0.5,0.0,0.125,0.013638196906450465,0
DESIGNER,Marketing and Visuals Manager for Artist Management Agency,0.04442310235444578,0.042201947236723485,0.5,0.332,0.5,0.0,0.125,0.0,1
ADVOCATE,Commercial Real Estate Attorney,0.027255058101211028,0.025892305196150475,0.5,0.5706666666666667,0.5,7.0,0.0,0.014129510072417356,1
FITNESS,Dir Software Solutions Sales Senior,0.07595980553561722,0.07216181525883636,0.5,0.0,0.5,0.0,0.125,0.0,0
ENGINEERING,Software Engineer (Remote),0.059687389577977853,0.05670302009907896,0.0,0.0,0.0,12.0,0.125,0.0,1
BUSINESS-DEVELOPMENT,Systems Administrator,0.047714912259503015,0.04532916664652786,0.0,0.0,0.0,0.0,0.125,0.0,0
FITNESS,Social Media Manager,0.031581512331338935,0.030002436714771985,0.5,0.8223333333333334,0.5,0.0,0.0,0.05713709136887037,1
PUBLIC-RELATIONS,Vice President/Practice Leader of Tax,0.035191200461065796,0.03343164043801251,0.5,0.0,0.5,30.0,0.25,0.0,0
DESIGNER,"Acquisitions, Associate",0.027902092789191413,0.02650698814973184,0.0,0.0,0.5,3.0,0.0,0.0,1
INFORMATION-TECHNOLOGY,Remote Software Developer (Remote),0.101818868505306,0.09672792508004069,0.0,0.0,0.0,0.0,0.0,0.0,1
CONSULTANT,Senior Project Manager - Education,0.08843251939847446,0.08401089342855074,0.5,0.0,0.5,0.0,0.0,0.03280834621359069,0
TEACHER,Systems Administrator,0.04913296898032637,0.046676320531310045,0.0,0.0,0.0,0.0,0.125,0.0,0
CONSTRUCTION,Construction Project Manager (Remote),0.12825755953552315,0.12184468155874699,0.5,0.0,0.5,7.0,0.0,0.055660888943425024,1
APPAREL,Retail Sales Associate,0.03128822267411569,0.029723811540409904,0.5,0.6633333333333333,0.5,0.0,0.125,0.0,0
BUSINESS-DEVELOPMENT,"Senior Accountant - Florham Park, NJ",0.02379503587166722,0.02260528407808386,0.0,0.5486666666666666,0.5,20.0,0.0,0.061214170887196245,1
DESIGNER,Design Consultant- Interior Design/Sales Consultant in Englishtown at Ethan Allen Global Inc.,0.16855532094247824,0.16012755489535432,0.5,0.16074523396880416,0.5,0.0,0.0,0.11557708948712501,0
DIGITAL-MEDIA,MARKETING SPECIALIST,0.06666574218646858,0.06333245507714515,0.5,0.5596666666666666,0.5,4.0,0.0,0.0,1
DESIGNER,Web Designer,0.09467698559751332,0.08994313631763765,0.0,0.0,0.5,0.0,0.125,0.10299365153067783,1
BUSINESS-DEVELOPMENT,Sales Leader I - Business Banking Sales Manager,0.10703883844331286,0.10168689652114721,0.5,0.0,0.5,0.0,0.0,0.06847793803216644,1
ADVOCATE,Data Entry Clerk,0.06197521718175917,0.05887645632267121,0.5,0.773,0.5,0.0,0.0,0.0,0
BUSINESS-DEVELOPMENT,"K-12 Director of Educational Partnerships, Northeast - Remote #1931",0.06726545782427393,0.06390218493306023,0.0,0.0,0.5,0.0,0.0,0.01519710321645179,1
CHEF,Bilingual Care Advocate (Hebrew),0.021063492291282182,0.020010317676718074,0.5,0.0,0.5,0.0,0.25,0.0,0
DIGITAL-MEDIA,Sr analyst compliance,0.02769452599492669,0.026309799695180356,0.5,0.0,0.5,15.0,0.125,0.0,0
AVIATION,Escalations Specialist - Customer/Patient Experience Coordinator - Full Time Contract/Remote,0.026603964518318753,0.025273766292402813,0.5,0.0,0.5,0.0,0.0,0.0,0
BANKING,File Clerk Remote,0.029637091162841616,0.028155236604699534,0.5,0.65,0.5,0.0,0.0,0.10371551133313005,0
ENGINEERING,Solo Class A CDL Driver,0.022799034270965298,0.021659082557417032,0.5,0.5143333333333333,0.5,8.0,0.125,0.02349443573259413,0
INFORMATION-TECHNOLOGY,Software Engineer (Remote),0.07100933588336915,0.0674588690892007,0.0,0.0,0.0,0.0,0.125,0.02574652288456368,1
FINANCE,"Business Analyst, ACS Publications Sales",0.07767874392796412,0.07379480673156591,0.0,0.0,0.0,25.0,0.0,0.008079828736381417,1
SALES,Test Developer,0.07830837023043684,0.074392951718915,0.0,0.3443333333333333,0.0,4.0,0.0,0.0,0
ADVOCATE,Inventory Clerk,0.0,0.0,0.5,0.9526666666666667,0.5,0.0,0.125,0.0,0
INFORMATION-TECHNOLOGY,Senior eCommerce Engineer,0.04471749564497238,0.04248162086272376,0.5,0.0,0.5,0.0,0.0,0.0,1
FINANCE,Supply Chain Analyst (ED),0.04714019060520751,0.04478318107494713,0.0,0.2723333333333333,0.5,0.0,0.0,0.0,1
ARTS,Art Director,0.029389383751335485,0.02791991456376871,0.5,0.6313333333333333,0.5,0.0,0.0,0.025551232139171164,1
SALES,"Outside Sales Executive, Remote",0.06069647207696006,0.05766164847311205,0.5,0.138,0.5,0.0,0.0,0.0,1
ACCOUNTANT,Senior Software Engineer,0.06964876379477741,0.06616632560503855,0.0,0.0,0.5,15.0,0.0,0.0,1
CHEF,Marketing Specialist,0.042422453340564915,0.04030133067353667,0.0,0.0,0.5,29.0,0.0,0.0,0
ADVOCATE,Executive Assistant to CEO,0.06073903092812227,0.057702079381716155,0.0,0.15666666666666668,0.5,0.0,0.0,0.0,0
AUTOMOBILE,Career Coach (Remote),0.033465738336612975,0.031792451419782326,0.5,0.0,0.5,0.0,0.0,0.014015917202948229,1
BPO,"Performance Marketing Specialist, Paid Media",0.02884680553860962,0.027404465261679136,0.5,0.0,0.5,6.0,0.0,0.0,0
HR,B2B Marketing Manager,0.04404191003497056,0.041839814533222025,0.5,0.15733333333333333,0.5,0.0,0.125,0.0,0
BUSINESS-DEVELOPMENT,"Assurance Senior, Public Accounting",0.0408410879275831,0.03879903353120394,0.5,0.21566666666666667,0.5,0.0,0.125,0.01789214373780318,1
ACCOUNTANT,E-commerce Project Manager,0.040019580429641155,0.038018601408159096,0.0,0.077,0.5,0.0,0.0,0.0,1
BUSINESS-DEVELOPMENT,"Sr. Product Marketing Manager - Growth, Music Industry",0.061859781298378824,0.05876679223345988,0.5,0.0,0.5,0.0,0.125,0.06467546470022417,1
DIGITAL-MEDIA,Marketing Intern,0.0964375909375279,0.0916157113906515,0.5,0.07233333333333333,0.5,0.0,0.125,0.0,1
ARTS,Executive Assistant to CEO at Chartis Federal (Hybrid: Remote ...,0.054952854037244814,0.05220521133538257,0.5,0.0,0.5,0.0,0.0,0.0,1
SALES,Licensed Insurance Agent Remote Executive Sales Manager,0.058637135751970104,0.05570527896437159,0.0,0.07969323107702568,0.5,0.0,0.0,0.0932312924719087,1
PUBLIC-RELATIONS,Senior Software Engineer -  Virtualization Group - (Remote),0.027512932075128428,0.026137285471372007,0.0,0.0,0.5,0.0,0.0,0.016393920731695842,0
FINANCE,Retail Furniture Sales Consultant,0.026365469202223244,0.02504719574211208,0.5,0.4046666666666667,0.5,0.0,0.0,0.0,0
BANKING,CEO Coach,0.03748857595818491,0.03561414716027566,0.5,0.343,0.5,0.0,0.0,0.0,0
INFORMATION-TECHNOLOGY,COORDINATOR - MARKETING,0.040762100522922354,0.038723995496776235,0.5,0.0,0.5,0.0,0.125,0.0,0
FINANCE,Staff Strategic Operations Manager,0.06555504111555283,0.062277289059775184,0.5,0.0,0.5,0.0,0.0,0.0,0
BUSINESS-DEVELOPMENT,Automotive Business Development Center (BDC) Representative,0.07893907207364122,0.07499211846995915,0.0,0.3486666666666667,0.5,10.0,0.0,0.0,1
BUSINESS-DEVELOPMENT,"Global Business Development, Business Solutions Specialist",0.08390867910837647,0.07971324515295765,0.5,0.0,0.5,0.0,0.125,0.053368701769945764,1
ACCOUNTANT,Senior Accountant,0.12399383654475052,0.11779414471751298,0.0,0.26566666666666666,0.5,0.0,0.0,0.0,1
INFORMATION-TECHNOLOGY,"Analyst II, Supply Chain - Corporate - US (Open)",0.06348728913509945,0.060312924678344475,0.0,0.0,0.5,0.0,0.0,0.0,0
SALES,Sales Executive Richmond Hotel,0.04555790635455918,0.04328001103683122,0.5,0.0,0.5,4.0,0.0,0.09440272874948477,1
AUTOMOBILE,Project Intern,0.05576820907443549,0.05297979862071371,0.5,0.6966666666666667,0.5,0.0,0.0,0.01895177658758097,0
HEALTHCARE,Registered Nurse - RN - Senior Care!,0.04514777820831701,0.042890389297901156,0.5,0.31266666666666665,0.5,0.0,0.0,0.0,1
INFORMATION-TECHNOLOGY,Dishwasher/Kitchen Cleaner,0.03256010455776661,0.03093209932987828,0.5,0.6433333333333333,0.5,5.0,0.0,0.0,0
PUBLIC-RELATIONS,Customer Service Agent,0.03656686699029801,0.03473852364078311,0.5,0.6873333333333334,0.5,0.0,0.125,0.0,1
FINANCE,Realtor,0.012720103363178088,0.012084098195019183,0.5,0.422,0.5,0.0,0.0,0.0,0
ACCOUNTANT,Senior Accountant,0.21933900001497975,0.20837205001423076,1.0,0.26566666666666666,0.5,6.0,0.0,0.07810383117891548,1
HR,T Mobile Work From Home – Customer Service Associate Expert – $20/hr.,0.05633972463956095,0.0535227384075829,0.5,0.0,0.5,11.0,0.0,0.0,1
ENGINEERING,Project Manager,0.0470433960839596,0.04469122627976162,0.5,0.0,0.5,25.0,0.125,0.0,0
SALES,Senior Catering Sales Executive,0.07758364799682368,0.0737044655969825,0.5,0.22,0.5,4.0,0.0,0.047432564369400035,1
BUSINESS-DEVELOPMENT,Manager Business Development,0.08339139904030905,0.0792218290882936,0.5,0.0,0.5,11.0,0.125,0.02347842310115271,1
BUSINESS-DEVELOPMENT,Senior Accountant,0.019691501185917327,0.01870692612662146,0.0,0.29550612800726284,0.5,0.0,0.0,0.0,1
PUBLIC-RELATIONS,"Remote - Release Project Manager - San Diego, CA or North Carolina",0.059110062895059386,0.056154559750306414,0.5,0.0,0.5,0.0,0.125,0.008868816823444509,0
ENGINEERING,Bilingual Spanish CUSTOMER SERVICE REPRESENTATIVE Work From Home...,0.05653931605250458,0.05371235024987935,0.5,0.0,0.5,12.0,0.0,0.0,0
CONSULTANT,"Manager, Business Strategy And Operations",0.03900909152255941,0.03705863694643144,0.5,0.0,0.5,4.0,0.0,0.0,0
AVIATION,"Director, Digital Strategy",0.052688809754458846,0.0500543692667359,0.5,0.0,0.5,0.0,0.0,0.0,0
CHEF,Service Manager,0.08430973135946493,0.08009424479149167,0.5,0.0,0.5,5.0,0.0,0.0,0
CONSTRUCTION,"Vice President, Business Development",0.03925866800219453,0.0372957346020848,0.5,0.0,0.5,7.0,0.0,0.0,0
INFORMATION-TECHNOLOGY,System Software Development Engineer - Entry Level,0.051022210160381255,0.04847109965236219,0.0,0.0,0.0,9.0,0.0,0.0,1
BUSINESS-DEVELOPMENT,"Director, Digital Strategy",0.10275674083968146,0.09761890379769739,0.5,0.0,0.5,5.0,0.125,0.0,1
INFORMATION-TECHNOLOGY,Retail Sales Associate,0.03753209842652124,0.03565549350519518,0.5,0.0,0.5,0.0,0.0,0.0,0
ENGINEERING,Data Analyst/Manager,0.04342869817048514,0.041257263261960886,0.5,0.036333333333333336,0.5,0.0,0.0,0.009858562540090638,0
BUSINESS-DEVELOPMENT,Business Development Representative,0.07599593831918502,0.07219614140322576,0.5,0.0,0.5,15.0,0.125,0.0,1
SALES,E-Commerce Account Manager,0.05203691285513267,0.04943506721237603,0.5,0.05907859078590786,0.5,2.0,0.0,0.0,0
SALES,Sales Associate/Beauty Advisor,0.08385088104383762,0.07965833699164573,0.0,0.17590571802706242,0.5,0.0,0.0,0.04220166890638128,1
ENGINEERING,Apple Solutions Consultant,0.04071166100405721,0.038676077953854346,0.5,0.7246666666666667,0.5,10.0,0.0,0.05353225557834328,0
INFORMATION-TECHNOLOGY,Systems Administrator,0.20704630621623893,0.19669399090542697,0.0,0.32,0.0,0.0,0.0,0.17824641782326897,1
INFORMATION-TECHNOLOGY,Retail Sales Associate,0.07283004369430142,0.06918854150958635,0.5,0.0,0.5,0.0,0.125,0.0,1
FITNESS,Entry Level Surveillance Investigator,0.05028351163450663,0.047769336052781296,0.5,0.0,0.5,20.0,0.0,0.0070431458484844535,1
CONSTRUCTION,Construction Project Manager - Remote,0.1535637179769995,0.14588553207814953,0.5,0.0,0.5,30.0,0.125,0.05355095314996731,1
ADVOCATE,Project Intern,0.0398065964427924,0.03781626662065278,0.5,0.6966666666666667,0.5,0.0,0.125,0.0,0
DIGITAL-MEDIA,"Software Engineer - Reno, NV",0.06900669689117463,0.0655563620466159,0.0,0.0,0.0,0.0,0.125,0.0,0
ADVOCATE,RN Supervisor,0.05649107617759385,0.05366652236871416,0.5,0.0,0.5,0.0,0.0,0.0,0
ACCOUNTANT,Biotech Equity Research Associate,0.060269499963902386,0.05725602496570727,0.5,0.456,0.5,6.0,0.0,0.0349455887557239,0
ARTS,Manager ecommerce,0.009937637981375345,0.009440756082306576,0.5,0.49233333333333335,0.5,0.0,0.0,0.0,0
ACCOUNTANT,Office Administrator,0.07766714992745866,0.07378379243108572,0.0,0.0,0.5,0.0,0.0,0.046853696187606916,0
ENGINEERING,Associate Software Engineering,0.11181196706997591,0.10622136871647711,0.5,0.0,0.5,3.0,0.125,0.0,1
FINANCE,Systems Analyst - Appserver Admin,0.06264367489584571,0.059511491151053426,0.0,0.0,0.0,0.0,0.0,0.0,1
DIGITAL-MEDIA,Marketing Specialist,0.13860112408235326,0.1316710678782356,0.5,0.694,0.5,0.0,0.25,0.07268474564636572,1
INFORMATION-TECHNOLOGY,CNC Programmer,0.038963858026935416,0.03701566512558865,0.5,0.0,0.5,0.0,0.0,0.004845037787029038,1
INFORMATION-TECHNOLOGY,Remote Software Developer (Remote),0.0885089224441715,0.08408347632196292,0.0,0.0,0.0,7.0,0.25,0.0,1
HEALTHCARE,Chief Executive Officer - Healthcare - Columbus,0.09574140309517885,0.09095433294041991,0.5,0.17,0.5,0.0,0.125,0.0369672067791042,1
ENGINEERING,"Senior Data Security Engineer, Vice President - Remote",0.06580689808643224,0.06251655318211062,0.5,0.0,0.5,6.0,0.125,0.0,1
HEALTHCARE,Medical Receptionist / Registrar,0.06371026998686187,0.060524756487518774,0.5,0.6863333333333334,0.5,0.0,0.125,0.0,1
HEALTHCARE,"VP, Healthcare Services",0.09835329923651324,0.09343563427468758,0.5,0.0,0.5,20.0,0.0,0.0,1
INFORMATION-TECHNOLOGY,"Senior Accountant, Banking (Lakewood)",0.05913841613499347,0.05618149532824379,0.5,0.0,0.5,0.0,0.125,0.019044510638716296,0
SALES,Sales Representative / Sales Associate,0.060647423135802785,0.05761505197901264,0.5,0.3526666666666667,0.5,6.0,0.0,0.0,1
AVIATION,Career Coach Waitlist (Part-time/Contract/US Remote),0.05552677710297203,0.05275043824782343,0.0,0.0,0.0,0.0,0.125,0.02994277545509931,0
INFORMATION-TECHNOLOGY,Multi-Media Advertising Sales Executive,0.10063884384085059,0.09560690164880806,1.0,0.0,0.5,13.0,0.0,0.04801419094487174,0
SALES,"Real Estate Sales Agent (Draw + Commission) Remote - Cleveland, OH",0.0662002732602277,0.06289025959721632,0.5,0.1849039749888343,0.5,0.0,0.0,0.08748564618231576,1
ADVOCATE,Talent Acquisition Specialist,0.005490038491700352,0.0052155365671153345,0.5,0.8296666666666667,0.5,0.0,0.0,0.0,0
HEALTHCARE,Medical Receptionist,0.060904219823189006,0.05785900883202955,0.5,0.4266666666666667,0.5,4.0,0.125,0.08258335458971076,1
SALES,Entry-Level Sales,0.033737389089569816,0.032050519635091326,0.5,0.31024930747922436,0.5,0.0,0.125,0.0,1
HR,Business Development Manager - Talent and Technology Solutions,0.08297603028563713,0.07882722877135527,0.5,0.193,0.5,0.0,0.0,0.036405723175111544,1
HEALTHCARE,Tele-Telemetry Nurse RN - Travel Jobs,0.04502024063965213,0.042769228607669525,0.0,0.262,0.5,0.0,0.0,0.0,1
BUSINESS-DEVELOPMENT,"Senior Accountant - Florham Park, NJ",0.07068331865381658,0.06714915272112575,1.0,0.4308532997057587,0.5,8.0,0.0,0.03842455163951145,1
ACCOUNTANT,Staff Accountant,0.17802781157637315,0.16912642099755448,0.0,0.0,0.5,0.0,0.0,0.0,1
DIGITAL-MEDIA,Marketing Director,0.15374641423099394,0.14605909351944424,0.0,0.0,0.5,12.0,0.0,0.0,1
DESIGNER,"Global Investment Research, Equity Research, Heathcare - Biotech...",0.06450402129976743,0.061278820234779055,0.0,0.32866666666666666,0.5,0.0,0.125,0.07970251181266945,1
ARTS,Product Development Associate in NYC,0.07766102050127831,0.07377796947621439,0.5,0.495,0.5,0.0,0.125,0.0,0
BUSINESS-DEVELOPMENT,Business Sales Account Executive,0.09122390447960113,0.08666270925562107,0.5,0.0,0.5,0.0,0.0,0.0,1
CONSULTANT,Perioperative Educator,0.04503211138148963,0.042780505812415145,0.5,0.037,0.5,0.0,0.125,0.0,0
HEALTHCARE,"Advocate, Patient Empowerment- REMOTE",0.07576983549506842,0.071981343720315,0.5,0.0,0.5,0.0,0.0,0.0,1
AGRICULTURE, Construction Project Manager,0.05317001637144265,0.05051151555287051,0.5,0.0,0.5,0.0,0.0,0.04848109221283395,0
CHEF,Restaurant Operations Manager,0.07877964859909682,0.07484066616914198,0.5,0.0,0.5,0.0,0.25,0.0,1
TEACHER,"Attorney in Brooklyn, NY",0.01443777611620969,0.013715887310399206,0.5,0.728,0.5,0.0,0.0,0.0,0
BANKING,Data Analytics Senior Mangager,0.03213956100110558,0.030532582951050297,0.5,0.26367408525084873,0.5,0.0,0.0,0.0,1
DESIGNER,"HR Director, Americas",0.03592406938044868,0.03412786591142625,0.5,0.43333333333333335,0.5,0.0,0.0,0.0,0
ENGINEERING,"Marketing Director – E-Learning – Columbus, OH",0.12627777387286154,0.11996388517921847,0.5,0.03766666666666667,0.5,12.0,0.125,0.02044596346248873,0
APPAREL,Business Development Manager - Talent and Technology Solutions,0.062103255552506315,0.058998092774880995,0.5,0.193,0.5,0.0,0.125,0.017295428911038052,0
CONSULTANT,Executive Assistant - Cardiology,0.046492086291633636,0.044167481977051955,0.5,0.0,0.5,0.0,0.125,0.0,0
FITNESS,Human Resources Internship - Corporate  (Year-Round),0.07356614401883155,0.06988783681788997,0.0,0.0,0.5,0.0,0.0,0.0,0
SALES,Retail Floor Leader - Anthem,0.053514901799201195,0.050839156709241135,0.5,0.31366666666666665,0.5,13.0,0.0,0.10649353495101233,1
FITNESS,"Assistant Manager, Social Media, La Mer",0.07110258894967238,0.06754745950218875,0.5,0.0,0.5,0.0,0.125,0.0,0
ENGINEERING,Executive Assistant - New York Office,0.002581852577291664,0.002452759948427081,0.5,0.8916666666666667,0.5,5.0,0.125,0.0,0
SALES,"Business Analyst, ACS Publications Sales",0.07539265889131798,0.07162302594675207,0.0,0.0,0.0,0.0,0.0,0.0,1
SALES,Data Entry Operator - REMOTE,0.04237195837835054,0.04025336045943301,0.5,0.4444444444444444,0.5,0.0,0.0,0.013198723559859979,0
FITNESS,Technical Support Representative - Work from Home!,0.0496900592931444,0.04720555632848718,0.5,0.0,0.5,0.0,0.0,0.06619682290853321,0
DIGITAL-MEDIA,Digital Marketing Specialist,0.023357400379251155,0.022189530360288597,0.5,0.5866666666666667,0.5,20.0,0.25,0.0,1
AGRICULTURE,"Sr. Product Marketing Manager - Growth, Music Industry",0.014308430829382691,0.013593009287913555,0.5,0.0,0.5,0.0,0.125,0.0,0
SALES,Retail Sales Associate,0.04565509348494277,0.043372338810695625,0.5,0.42333333333333334,0.5,0.0,0.125,0.016112979897128725,1
AVIATION,"Coach, Career Prep",0.022835235594062663,0.02169347381435953,0.5,0.0,0.5,0.0,0.0,0.017843565914650403,0
ADVOCATE,Commercial Real Estate Attorney,0.04395749064217041,0.04175961611006189,0.5,0.5706666666666667,0.5,10.0,0.0,0.01051842704376461,1
SALES,Retail Sales Associate,0.0462496106810308,0.04393713014697925,0.5,0.0,0.5,20.0,0.0,0.0,1
HEALTHCARE,Medical Office Specialist,0.07701534290792951,0.07316457576253303,0.5,0.0,0.5,0.0,0.125,0.0,1
APPAREL,Test Developer,0.039262216123671694,0.037299105317488104,0.0,0.3443333333333333,0.0,0.0,0.0,0.0,0
FITNESS,Warehouse Manager,0.018423656041623125,0.017502473239541967,0.5,0.8286666666666667,0.5,0.0,0.0,0.0,0
BUSINESS-DEVELOPMENT,E-Commerce Account Manager,0.1027571692047026,0.09761931074446746,0.5,0.385,0.5,0.0,0.0,0.0,1
FINANCE,CDL A Regional Drivers,0.0053031646543414196,0.0050380064216243485,0.5,0.8103333333333333,0.5,0.0,0.0,0.0,0
BUSINESS-DEVELOPMENT,Sr. Director/Head of Strategy and Business Operations,0.05783584394227279,0.05494405174515915,0.5,0.0,0.5,0.0,0.0,0.0,1
DIGITAL-MEDIA,Marketing Coordinator,0.08038524187339124,0.07636597977972168,0.0,0.18233333333333332,0.5,0.0,0.25,0.04408320257678626,1
CONSULTANT,Part-Time Customer Service Representative (Remote),0.06984807734783953,0.06635567348044755,0.0,0.17,0.5,14.0,0.125,0.050150237794338685,0
TEACHER,Program Coordinator - Adult And Community Education,0.1308047569905441,0.1242645191410169,0.5,0.0,0.5,9.0,0.0,0.0,1
BUSINESS-DEVELOPMENT,Business Development Manager - Talent and Technology Solutions,0.09467778986700737,0.08994390037365699,0.5,0.193,0.5,0.0,0.0,0.04560181870337632,1
SALES,"Commission Sales Associate - Men's, Full Time - Beverly Center",0.10744045285547782,0.10206843021270393,0.5,0.0,0.5,0.0,0.25,0.06895298185584678,1
CONSTRUCTION,Senior Sales Marketing Specialist (Programmatic),0.05364432598233361,0.050962109683216926,0.5,0.0,0.5,0.0,0.125,0.0,0
SALES,Administrative Assistant,0.03406450900251287,0.032361283552387224,1.0,0.0,0.5,0.0,0.0,0.0,0
APPAREL,Accountant,0.026559572415237712,0.025231593794475825,0.0,0.495,0.5,0.0,0.0,0.0,0
AVIATION,Project Managers,0.061342999166673184,0.058275849208339524,0.0,0.09566666666666666,0.5,0.0,0.0,0.05587133836695711,0
DESIGNER,"Equity Research Associate, Biotechnology",0.022143048248935863,0.021035895836489068,0.0,0.189,0.5,0.0,0.125,0.00703838537586542,1
HR,Senior Talent Acquisition Specialist,0.08996438658397302,0.08546616725477436,0.5,0.5803333333333334,0.5,0.0,0.0,0.03470268325408694,1
ACCOUNTANT,"Commission Sales Associate - Men's, Full Time - Beverly Center",0.0272598833301946,0.025896889163684867,0.5,0.0,0.5,0.0,0.0,0.0,1
ADVOCATE,"Holman Frenia Allison, PC Hiring for Audit Staff Accountant Job at...",0.05056111034398027,0.04803305482678125,0.0,0.2613333333333333,0.5,0.0,0.0,0.0,0
BUSINESS-DEVELOPMENT,Growth Marketing Specialist,0.07268501643881645,0.06905076561687562,0.5,0.412,0.5,0.0,0.125,0.0,1
INFORMATION-TECHNOLOGY,Entry Level Software Engineer,0.07054885052484954,0.06702140799860705,0.5,0.0,0.5,0.0,0.0,0.009288696133205139,1
ENGINEERING,Front-End Engineer/UI Developer,0.06050787377381723,0.05748248008512637,0.5,0.0,0.5,0.0,0.0,0.0,1
FINANCE,Marketing Director,0.0,0.0,0.5,0.9773333333333334,0.5,6.0,0.0,0.0,0
FINANCE,Bank Teller,0.06389925184100388,0.060704289248953686,0.5,0.8303333333333334,0.5,0.0,0.0,0.0,1
HEALTHCARE,Patient Services Specialist (Remote),0.15329839825690617,0.14563347834406085,0.5,0.0,0.5,0.0,0.0,0.030389695448359705,1
FITNESS,Senior Software Engineer -  Virtualization Group - (Remote),0.03746964386964669,0.035596161676164355,0.0,0.0,0.5,0.0,0.0,0.0,0
CONSTRUCTION,Software Engineer,0.0693267257017428,0.06586038941665565,0.5,0.0,0.5,10.0,0.0,0.0,0
ARTS,"Administrative Assistant III (Part time) – Remote, Work from Anywhere",0.032871944656016144,0.031228347423215334,0.5,0.0,0.5,15.0,0.125,0.0,1
CONSTRUCTION,Remote Customer Service Associate,0.03820328347143453,0.0362931192978628,0.5,0.07533333333333334,0.5,0.0,0.0,0.01771666146820828,1
FINANCE,Fraud Systems Analyst (REMOTE OPPORTUNITY),0.09635085351757658,0.09153331084169775,0.5,0.0,0.5,0.0,0.0,0.036480010519633066,1
DIGITAL-MEDIA,Remote Education Advocate,0.05014434121170817,0.047637124151122756,0.5,0.17566666666666667,0.5,6.0,0.0,0.033276471818297466,0
ACCOUNTANT,Compliance Manager,0.07264581490504243,0.06901352415979031,0.5,0.0,0.5,15.0,0.125,0.0,0
HEALTHCARE,Escalations Specialist - Customer/Patient Experience Coordinator - Full Time Contract/Remote,0.12644788280309271,0.12012548866293807,0.5,0.0,0.5,6.0,0.0,0.0,1
HR,CEO - Cannabis & Investment,0.057889081009523315,0.054994626959047145,0.0,0.0,0.5,0.0,0.125,0.0,0
PUBLIC-RELATIONS,Class A - Regional Truck Driver - Home Weekly - Out 2 Days or Less,0.028020257976047444,0.02661924507724507,0.5,0.7256666666666667,0.5,0.0,0.0,0.0,0
ENGINEERING,Senior / Lead Software Engineer (Remote),0.06301339388833446,0.059862724193917735,0.0,0.008666666666666666,0.0,0.0,0.0,0.0,1
ACCOUNTANT,"Assurance Senior, Public Accounting",0.06389779004253078,0.06070290054040424,0.5,0.21566666666666667,0.5,7.0,0.0,0.0,1
BUSINESS-DEVELOPMENT,Digital Marketing Sales - Own the Territory – Run the Show,0.03636241717865932,0.03454429631972635,0.5,0.666,0.5,0.0,0.0,0.045582853388504305,0
FITNESS,"Senior Sales Executive- Revenue Cycle Management - MI, OH, KY, IN",0.05663482747275343,0.05380308609911576,0.5,0.0,0.5,0.0,0.0,0.0,0
SALES,Remote Fraud Support Call Center Representative (CCC),0.033066902475742024,0.03141355735195492,0.5,0.07566666666666666,0.5,21.0,0.0,0.01401672900704981,0
FINANCE,VP of Finance (East Meadow),0.10529518739230247,0.10003042802268734,0.5,0.0,0.5,20.0,0.0,0.0,1
INFORMATION-TECHNOLOGY,Part-Time Customer Service Representative (Remote),0.12073915924806254,0.1147022012856594,0.0,0.17,0.5,0.0,0.0,0.019590198934076715,1
AVIATION,Escalations Specialist - Customer/Patient Experience Coordinator - Full Time Contract/Remote,0.01998110805864823,0.018982052655715818,0.5,0.0,0.5,0.0,0.0,0.0,0
DIGITAL-MEDIA,VP Marketing,0.144199261401098,0.1369892983310431,0.5,0.0,0.5,0.0,0.0,0.0,1
ARTS,Bilingual Care Advocate (Hebrew),0.04989582763406387,0.047401036252360675,0.5,0.0,0.5,0.0,0.0,0.0,0
BUSINESS-DEVELOPMENT,Account Executive,0.10308058393286226,0.09792655473621914,0.5,0.0,0.5,5.0,0.0,0.057170290399349816,1
CONSTRUCTION,Staff Software Engineer - SMB - Marketing Enablement,0.02909509597956142,0.027640341180583346,0.0,0.0,0.0,0.0,0.125,0.0,0
CONSTRUCTION,Office Clerk,0.04156561307072518,0.039487332417188915,1.0,0.0,0.5,20.0,0.0,0.03321186145264135,0
DIGITAL-MEDIA,Supply Chain Analyst,0.02696078502945867,0.025612745777985734,0.5,0.208,0.5,0.0,0.0,0.0,0
BUSINESS-DEVELOPMENT,Sr. Director/Head of Strategy and Business Operations,0.06181248290716516,0.0587218587618069,0.5,0.0,0.5,0.0,0.0,0.0,1
FITNESS,Systems Administrator,0.032871287904390326,0.03122772350917081,0.0,0.0,0.0,0.0,0.25,0.0,0
HEALTHCARE,Construction Project Manager,0.032987796152636,0.0313384063450042,0.0,0.4796666666666667,0.5,0.0,0.0,0.0,0
TEACHER,"Academic Dean, VOICE Charter School",0.1521703152724614,0.14456179950883832,0.5,0.0,0.5,0.0,0.0,0.0,1
CONSULTANT,Bank Teller,0.009779527250788376,0.009290550888248957,0.5,0.8356666666666667,0.5,0.0,0.125,0.018220597824538522,0
ADVOCATE,Project Manager,0.04777011139290006,0.04538160582325505,0.0,0.18466666666666667,0.5,0.0,0.0,0.021603569307436458,0
DIGITAL-MEDIA,Marketing Director,0.0,0.0,0.5,0.9773333333333334,0.5,0.0,0.125,0.0,1
HEALTHCARE,Career Coach,0.04845046952134806,0.046027946045280654,0.5,0.11566666666666667,0.5,20.0,0.0,0.0,0
ENGINEERING,"Sales Associate (Providence, RI)",0.0577997416470772,0.054909754564723336,0.5,0.0,0.5,10.0,0.0,0.012820054611406149,0
CONSTRUCTION,Commercial Contracts Attorney,0.04171335747371612,0.03962768960003031,0.5,0.06633333333333333,0.5,0.0,0.0,0.0,0
SALES,"Furniture Sales Associates - Bridgewater, N.J.",0.13184779846290898,0.12525540853976352,0.5,0.23633333333333334,0.5,0.0,0.0,0.09525577026054524,1
DIGITAL-MEDIA,Content Creator,0.10452755561570709,0.09930117783492173,0.5,0.0,0.5,0.0,0.0,0.0159918142441557,1
INFORMATION-TECHNOLOGY,C++ Embedded Engineer with Security Clearance,0.10615660290715322,0.10084877276179555,0.5,0.216,0.5,0.0,0.0,0.0,1
DESIGNER,Talent Acquisition Manager,0.04505014372507343,0.04279763653881976,0.5,0.15233333333333332,0.5,0.0,0.0,0.0,1
FINANCE,Accounting Clerk,0.10263910637841638,0.09750715105949555,1.0,0.217,0.5,0.0,0.0,0.0,1
FINANCE,Project Manager,0.043754470732197334,0.041566747195587464,0.5,0.5243333333333333,0.5,0.0,0.0,0.0,0
AGRICULTURE,Travel Nurse - RN - TELE - Telemetry - $2397.79 / Week,0.05115597515726477,0.04859817639940153,0.5,0.0,0.5,20.0,0.0,0.0,0
FINANCE,Dishwasher,0.078060326535298,0.0741573102085331,0.5,0.0,0.5,0.0,0.125,0.024891331003878144,0
SALES,"Senior Director, Sales - Retail & E-Commerce (Monsey)",0.0965677640989018,0.09173937589395671,0.5,0.0,0.5,21.0,0.0,0.0,1
DIGITAL-MEDIA,Vice president marketing,0.12409024001067563,0.11788572801014184,0.0,0.07666666666666666,0.5,0.0,0.0,0.12351260201046471,1
BPO,Customer Support Agent (remote),0.046888546405571684,0.0445441190852931,0.5,0.0,0.5,8.0,0.0,0.014717538771354843,1
AVIATION,Executive Assistant,0.045597661956867194,0.04331777885902383,0.0,0.0,0.5,0.0,0.125,0.0,0
HEALTHCARE,Registered Nurse (RN-CA02-007),0.08059444516988382,0.07656472291138962,0.5,0.0,0.5,0.0,0.0,0.0,1
AVIATION,Entry-Level Sales,0.04035457700760341,0.038336848157223234,0.5,0.502,0.5,4.0,0.0,0.0,0
DIGITAL-MEDIA,Marketing Director,0.12588409054969577,0.11958988602221098,0.5,0.0,0.5,5.0,0.25,0.0,1
APPAREL,Senior Data Analyst,0.05004393863880182,0.04754174170686173,0.5,0.0,0.5,0.0,0.125,0.0,0
INFORMATION-TECHNOLOGY,IT Help Desk Technical Support Agent (Remote/Telecommute),0.1774597625362083,0.16858677440939787,0.5,0.0,0.5,0.0,0.0,0.009895827641854295,1
HEALTHCARE,Talent Acquisition Advisor (Healthcare)   REMOTE,0.044106568016971666,0.04190123961612308,0.5,0.0,0.5,3.0,0.0,0.029550839251705183,1
TEACHER,CDL Team Truck Driver and Lease Operators +,0.02171104524783837,0.02062549298544645,0.5,0.3383333333333333,0.5,16.0,0.0,0.0,0
BUSINESS-DEVELOPMENT,Fitness Coach,0.05971392415877672,0.05672822795083789,0.5,0.0,0.5,0.0,0.0,0.008956215016979139,0
BANKING,Executive Assistant to President,0.027797930543527714,0.026408034016351327,0.5,0.0,0.5,0.0,0.0,0.009299241445215033,0
AVIATION,Data Entry Clerk,0.0,0.0,0.5,0.9697396199859254,0.5,0.0,0.0,0.0,0
SALES,Clinical Account Executive,0.0655013695446412,0.06222630106740913,0.5,0.017319016279875303,0.5,30.0,0.0,0.0,1
HR,"HR Director, Americas",0.047081934746307105,0.04472783800899175,0.5,0.0,0.5,0.0,0.0,0.028522228197335322,1
HR,Admin/Clerical Recruiter,0.1032777915457848,0.09811390196849555,0.5,0.0,0.5,0.0,0.125,0.04379443289128509,1
INFORMATION-TECHNOLOGY,Data Entry Clerk,0.04679686663934096,0.04445702330737391,0.5,0.32595053525286083,0.5,0.0,0.0,0.03962509761182105,1
PUBLIC-RELATIONS,"Office Specialist I, Behavioral Health, Full Time/Days",0.02357524903344851,0.022396486581776086,0.5,0.3636666666666667,0.5,80.0,0.0,0.017720014358900114,0
CHEF,Commercial Real Estate Attorney,0.018650364010400308,0.01771784580988029,0.5,0.5706666666666667,0.5,10.0,0.0,0.0,0
SALES,Entry Level Customer Service Representative (Remote),0.05527065240346018,0.05250711978328717,0.5,0.053,0.5,29.0,0.0,0.08276373892755096,0
AVIATION,Retail Furniture Sales Consultant,0.03907375894050795,0.03712007099348255,0.5,0.4046666666666667,0.5,0.0,0.0,0.0,0
FINANCE,"Senior Analyst, ECommerce, Search Marketing",0.0668525941128495,0.06350996440720702,0.5,0.0,0.5,0.0,0.0,0.0,1
APPAREL,Associate Software Engineering,0.04717476733994856,0.04481602897295113,0.5,0.419,0.5,0.0,0.0,0.11134390411447995,0
APPAREL,Senior UI Designer,0.021615147432449994,0.020534390060827492,0.5,0.0,0.5,0.0,0.0,0.0,0
BUSINESS-DEVELOPMENT,"Business Development Manager, NA Marketing Services",0.10933287529213553,0.10386623152752875,0.5,0.0,0.5,23.0,0.125,0.0,1
DIGITAL-MEDIA,Part-Time Retail Sales Associate,0.042405345299244356,0.040285078034282135,0.5,0.0,0.5,0.0,0.125,0.01946507900237298,0
CONSULTANT,MARKETING SPECIALIST,0.02687240064170125,0.025528780609616185,0.5,0.5596666666666666,0.5,0.0,0.25,0.03271585274379146,0
SALES,"Senior Director, Sales - Retail & E-Commerce (Monsey)",0.032723494255699134,0.031087319542914178,0.5,0.0,0.5,0.0,0.0,0.0,1
BUSINESS-DEVELOPMENT,"Business Analyst, ACS Publications Sales",0.09238498829343153,0.08776573887875995,0.0,0.0,0.0,0.0,0.125,0.02868955639788543,1
INFORMATION-TECHNOLOGY,Systems Administrator,0.13946077177904115,0.13248773319008908,0.0,0.0,0.5,0.0,0.0,0.05576313448623301,1
ACCOUNTANT,Entry Level Office Assistant,0.08465550456944691,0.08042272934097457,0.5,0.504,0.5,0.0,0.0,0.057550956548250674,0
ADVOCATE,Executive Assistant,0.09640458134232786,0.09158435227521147,0.5,0.09985207100591716,0.5,10.0,0.0,0.0,0
HEALTHCARE,"Attorney, CAMBA Legal Services, Brooklyn",0.04523962744769763,0.04297764607531275,0.5,0.0,0.5,8.0,0.0,0.05325383733705391,0
SALES,Warehouse Manager,0.015839193621084907,0.015047233940030661,0.5,0.8286666666666667,0.5,0.0,0.125,0.0,1
AVIATION,Satellite TV Installer - Entry Level,0.06542249737843875,0.06215137250951681,0.5,0.0,0.5,0.0,0.0,0.027132234845126644,0
DIGITAL-MEDIA,"Vice President, Marketing, MSNBC",0.08241969331482447,0.07829870864908324,0.0,0.0,0.5,5.0,0.0,0.031306876498024105,1
BANKING,VP of Finance (East Meadow),0.09720574849706427,0.09234546107221106,0.5,0.0,0.5,0.0,0.0,0.0,0
SALES,Sales And Marketing Representative,0.0930336153222307,0.08838193455611916,0.5,0.658,0.5,6.0,0.0,0.12469840357426151,1
AVIATION,Marketing Intern,0.014705694100308375,0.013970409395292956,0.5,0.9103333333333333,0.5,0.0,0.0,0.0,1
BUSINESS-DEVELOPMENT,Account Executive (Inside Sales),0.04623914472444325,0.04392718748822109,0.0,0.4066666666666667,0.5,10.0,0.0,0.030419320464233957,1
ARTS,Career Coach Waitlist (Part-time/Contract/US Remote),0.033570873827382004,0.031892330136012906,0.0,0.4066666666666667,0.0,0.0,0.0,0.010301816729745849,1
ADVOCATE,Senior Software Engineer,0.04164550959166324,0.03956323411208008,0.0,0.0,0.5,4.0,0.0,0.0,0
AVIATION,Sales Associate,0.029176791566605263,0.027717951988274998,0.5,0.3313333333333333,0.5,0.0,0.0,0.02235839077662293,0
FINANCE,Business Analyst- Supply Chain,0.050404516764727465,0.04788429092649109,0.0,0.0,0.5,0.0,0.0,0.007529693065135644,1
FITNESS,Project Manager/Ship Manager,0.037239897680666295,0.03537790279663298,0.5,0.0,0.5,0.0,0.0,0.0,0
DIGITAL-MEDIA,Travel STNA,0.0350037516316314,0.033253564050049825,0.5,0.24766666666666667,0.5,0.0,0.0,0.018307815114214795,0
BUSINESS-DEVELOPMENT,"Software Engineer, Test, Advertising",0.0038869458091199726,0.003692598518663974,0.5,0.762,0.5,10.0,0.0,0.0,0
DIGITAL-MEDIA,"Regional Sales Director, SAP - NE - United States",0.05585269474861089,0.05306006001118034,0.0,0.5013333333333333,0.0,6.0,0.0,0.0,1
DIGITAL-MEDIA,Staff Software Engineer - SMB - Marketing Enablement,0.03955786335851782,0.03757997019059193,0.0,0.13066666666666665,0.0,5.0,0.0,0.0,1
BUSINESS-DEVELOPMENT,Development Associate,0.11327254935774866,0.10760892188986122,0.5,0.0,0.5,0.0,0.0,0.0,1
ADVOCATE,Commercial Contracts Attorney,0.06587512718952836,0.06258137083005194,0.5,0.06633333333333333,0.5,0.0,0.0,0.021866513348000355,1
SALES,Sales Executive III Client Management,0.05465235491493952,0.05191973716919254,0.5,0.0,0.5,21.0,0.0,0.13460826556129063,1
INFORMATION-TECHNOLOGY,Technical Support Agent (Remote CT/MT/PT USA),0.14355850459046332,0.13638057936094014,0.5,0.0,0.5,0.0,0.0,0.0,0
HR,Solo Class A CDL Driver,0.03860111794078464,0.03667106204374541,0.5,0.5143333333333333,0.5,0.0,0.125,0.02686156184842425,0
HR,$17.50hr - Patient Advocate - Part Time Position - Mon - Fri ...,0.058188568306410865,0.05527913989109032,0.5,0.7193333333333334,0.5,0.0,0.0,0.0,1
CONSULTANT,General Office Clerk,0.028973633174225334,0.027524951515514068,0.5,0.49233333333333335,0.5,0.0,0.0,0.0,0
DIGITAL-MEDIA,Warehouse Manager,0.01648986414320377,0.01566537093604358,0.5,0.8286666666666667,0.5,0.0,0.125,0.0,0
SALES,Sales Associate / Design Consultant - Full Time,0.15103127711452122,0.14347971325879516,0.5,0.18466666666666667,0.5,0.0,0.0,0.08827605875495109,1
FITNESS,Career Coach Waitlist (Part-time/Contract/US Remote),0.07403899409542597,0.07033704439065466,0.0,0.0,0.0,5.0,0.125,0.014098615477945588,1
AUTOMOBILE,Registered Nurse - RN - Senior Care!,0.017531576775977848,0.016654997937178954,0.5,0.31266666666666665,0.5,0.0,0.0,0.0,1
BUSINESS-DEVELOPMENT,College and Career Advisor - Cuyahoga County,0.07665709635811897,0.07282424154021302,0.0,0.0,0.5,0.0,0.0,0.0,1
ADVOCATE,Career Coach Waitlist (Part-time/Contract/US Remote),0.046751184487360674,0.04441362526299264,0.0,0.0,0.0,0.0,0.0,0.007298607061272382,0
BANKING,Ecommerce Account Manager,0.10993059302814279,0.10443406337673564,0.5,0.0,0.5,0.0,0.125,0.042214220278677606,0
BUSINESS-DEVELOPMENT,Accountant,0.06557202209037787,0.062293420985858966,0.0,0.42233333333333334,0.5,30.0,0.0,0.0,1
BUSINESS-DEVELOPMENT,Project Manager - Strategy & Operations Transformation Lead,0.029418880809305926,0.02794793676884063,0.5,0.694,0.5,0.0,0.125,0.0,1
BUSINESS-DEVELOPMENT,Senior Accountant,0.050856855282641174,0.048314012518509114,0.0,0.426,0.5,0.0,0.25,0.0,1
DIGITAL-MEDIA,Marketing Specialist,0.06317086463370679,0.060012321402021444,0.5,0.4584070796460177,0.5,0.0,0.0,0.0,1
CONSTRUCTION,Entry Level - Transaction Monitoring Investigator ,0.05176861258237826,0.04918018195325935,0.0,0.0,0.5,0.0,0.125,0.02727528601709416,0
APPAREL,Tech Support Agent - Remote US,0.0620289751871338,0.058927526427777106,0.0,0.0,0.5,0.0,0.125,0.012444780329874176,0
ACCOUNTANT,Patient Services Specialist (Remote),0.03680852788098171,0.03496810148693263,0.5,0.2826666666666667,0.5,0.0,0.0,0.0,0
FINANCE,Infrastructure Services Project Manager,0.0427421624832768,0.040605054359112956,0.5,0.03833333333333333,0.5,25.0,0.0,0.0,0
AVIATION,MARKETING SPECIALIST,0.03309614081200326,0.031441333771403096,0.5,0.5596666666666666,0.5,0.0,0.125,0.0,1
HR,Senior graphic designer,0.03823001001087291,0.036318509510329264,0.0,0.3353333333333333,0.5,5.0,0.0,0.0,0
BPO,Senior Systems Administrator,0.028862710951694587,0.02741957540410986,0.0,0.0,0.0,5.0,0.0,0.0,0
SALES,Systems Administrator,0.04816945925488643,0.045760986292142106,0.0,0.0,0.0,25.0,0.125,0.0,0
INFORMATION-TECHNOLOGY,Data Analyst Manager,0.053758383408695286,0.05107046423826052,0.5,0.5514950166112956,0.5,0.0,0.0,0.022610009911739608,1
CONSTRUCTION,Customer Experience Specialist II - REMOTE,0.07286843593499043,0.0692250141382409,0.5,0.0,0.5,0.0,0.0,0.0,0
APPAREL,Technical Support Agent (Remote),0.05946663416348566,0.056493302455311374,0.5,0.0,0.5,0.0,0.0,0.04016142974192253,0
SALES,Sales & Marketing Specialist,0.02601160066541775,0.024711020632146863,0.5,0.6203333333333333,0.5,21.0,0.0,0.01817463202489415,1
ADVOCATE,Real Estate Paralegal or Executive Assistant,0.03605070396397807,0.034248168765779165,1.0,0.671,0.5,0.0,0.0,0.0,1
CHEF,Accountant,0.016129391119558998,0.015322921563581048,0.0,0.495,0.5,0.0,0.125,0.0,0
HEALTHCARE,Data Entry Operator Remote (Remote),0.06460260391842129,0.06137247372250022,0.5,0.5936666666666667,0.5,0.0,0.125,0.03535307457903288,0
ADVOCATE,Bilingual Care Advocate (Hebrew),0.06801431093110318,0.06461359538454801,0.5,0.0,0.5,25.0,0.125,0.0,1
INFORMATION-TECHNOLOGY,It Systems Administrator Ii,0.02607304332674797,0.02476939116041057,0.0,0.7323333333333333,0.5,0.0,0.0,0.01332973110722879,1
SALES,Business Sales Account Executive,0.03877496615469208,0.036836217846957474,0.5,0.0,0.5,0.0,0.0,0.01608304331771308,1
PUBLIC-RELATIONS,Director of Finance,0.08965930327782556,0.08517633811393428,0.5,0.0,0.5,0.0,0.0,0.02085151779321209,0
CONSULTANT,Digital Development Project Manager,0.09220327425130162,0.08759311053873653,0.0,0.0,0.5,10.0,0.125,0.0,0
ENGINEERING,Clerical,0.01360682693291418,0.012926485586268471,0.5,0.605,0.5,0.0,0.125,0.007171583458412237,0
DIGITAL-MEDIA,Entry-Level Commercial Real Estate Agent,0.0455578544361198,0.04327996171431381,0.5,0.0,0.5,0.0,0.0,0.0,0
PUBLIC-RELATIONS,Executive Assistant,0.03801158547265239,0.03611100619901977,1.0,0.012,0.5,0.0,0.125,0.0,0
PUBLIC-RELATIONS,Banking Center Supervisor,0.07130782463909027,0.06774243340713576,0.5,0.0,0.5,10.0,0.125,0.0,0
BUSINESS-DEVELOPMENT,E-Commerce Account Manager,0.127816912609291,0.12142606697882645,0.5,0.385,0.5,0.0,0.0,0.0,1
PUBLIC-RELATIONS,Project Manager,0.06375800175050397,0.06057010166297877,0.5,0.0,0.5,0.0,0.125,0.03047055554925791,1
ACCOUNTANT,Equity Research Biotech Associate,0.0821237902009168,0.07801760069087095,1.0,0.017666666666666667,0.5,20.0,0.0,0.035833896160367806,1
PUBLIC-RELATIONS,Customer Service Professional (REMOTE),0.08511486432554309,0.08085912110926594,0.5,0.188,0.5,4.0,0.0,0.02688261815190449,0
FITNESS,Commercial Contracts Lawyer,0.026247764709347,0.02493537647387965,0.5,0.450433471541651,0.5,0.0,0.0,0.0,0
CONSULTANT,Wordpress Developer,0.03926630438536381,0.03730298916609562,0.0,0.6413333333333333,0.5,10.0,0.0,0.0,0
ENGINEERING,Patient Care Tech,0.04013040005894098,0.03812388005599393,0.5,0.0,0.5,3.0,0.125,0.0,0
PUBLIC-RELATIONS,Senior Vice President of Property Management,0.08670891670330498,0.08237347086813973,0.5,0.0,0.5,0.0,0.0,0.03401718746286792,0
HR,Assistant Vice President Premier Relationship Manager,0.07184838026847101,0.06825596125504746,0.5,0.236,0.5,0.0,0.0,0.04992573967546624,0
TEACHER,Special education coordinator,0.03611228531024424,0.03430667104473203,0.5,0.6703333333333333,0.5,7.0,0.0,0.0,1
AGRICULTURE,"VP, Marketing - Advertising Revenue",0.06927517887249131,0.06581141992886674,0.5,0.0,0.5,0.0,0.0,0.04776271087105322,0
ACCOUNTANT,Full-Cycle Recruiter (Remote),0.05943921156934824,0.056467250990880825,0.5,0.009666666666666667,0.5,0.0,0.0,0.0,0
CHEF,Wordpress Web Developer,0.03476577174903224,0.03302748316158063,0.0,0.7886666666666666,0.5,0.0,0.125,0.0,0
ENGINEERING,Firmware Test Engineer,0.056502525880619485,0.05367739958658851,0.0,0.254,0.5,0.0,0.0,0.0,1
DIGITAL-MEDIA,Software Engineer (Remote),0.06678710592510897,0.06344775062885352,0.0,0.0,0.0,0.0,0.0,0.01325684619578574,0
HR,Senior eCommerce Engineer,0.0678516071514086,0.06445902679383816,0.5,0.0,0.5,0.0,0.0,0.0,0
HR,Senior Tech Recruiter (Remote),0.07816836700260182,0.07425994865247174,0.5,0.0,0.5,10.0,0.0,0.03657852151778796,1
DESIGNER,"Senior Business Associate, VP",0.03244941895924745,0.03082694801128508,0.5,0.0,0.5,20.0,0.125,0.0,0
FITNESS,Career Coach,0.0369775861325414,0.03512870682591433,0.5,0.11566666666666667,0.5,10.0,0.0,0.0,1
BUSINESS-DEVELOPMENT,Business Development Specialist,0.07174567810010651,0.06815839419510118,0.0,0.0,0.5,0.0,0.25,0.05267009209478907,1
FINANCE,Data Analyst/Manager,0.043459132419873786,0.041286175798880095,0.5,0.036333333333333336,0.5,19.0,0.125,0.0,1
HEALTHCARE,Marketing Director,0.06820302617717727,0.0647928748683184,0.0,0.0,0.5,16.0,0.125,0.0,0
ENGINEERING,"Senior Director, Digital Marketing - Remote",0.03315829462840368,0.031500379896983496,0.0,0.0,0.5,23.0,0.125,0.019382956987536552,0
INFORMATION-TECHNOLOGY,Manager Business Development,0.08468790355190586,0.08045350837431056,0.5,0.0,0.5,0.0,0.25,0.028924510495282118,1
ENGINEERING,Software test Engineer ( Entry Level ),0.04339354006080575,0.04122386305776546,0.5,0.7176666666666667,0.5,15.0,0.0,0.0,1
INFORMATION-TECHNOLOGY,Strength & Conditioning Coach Jobs at Onelife Fitness – Falls...,0.0605022883888588,0.05747717396941586,0.5,0.0,0.5,0.0,0.0,0.0,0
HR,Mainframe Programmer Analyst,0.08167563536667162,0.07759185359833803,0.5,0.0,0.5,0.0,0.0,0.0,0
ACCOUNTANT,Sales Manager,0.01360064903542307,0.012920616583651916,0.5,0.6626666666666666,0.5,0.0,0.0,0.0,0
DIGITAL-MEDIA,Senior Real Estate Agent (Cleveland),0.053237463305371255,0.05057559014010269,0.5,0.4673333333333333,0.5,0.0,0.125,0.0,0
TEACHER,"Director, Strategy & Operations",0.06253032069339048,0.05940380465872096,0.0,0.05733333333333333,0.0,0.0,0.0,0.0,0
DIGITAL-MEDIA,Growth Marketing Specialist,0.08433855949422961,0.08012163151951812,0.5,0.412,0.5,30.0,0.0,0.0,1
ARTS,Supply Chain Analyst,0.06514914988988348,0.061891692395389296,0.5,0.03766666666666667,0.5,0.0,0.0,0.0,0
DESIGNER,Sr. E-Commerce Marketing Director,0.02007873074334712,0.019074794206179763,0.0,0.27404343329886244,0.5,0.0,0.125,0.027806978941543235,0
BANKING,Inventory Coordinator,0.0371990527738725,0.03533910013517887,0.5,0.2813333333333333,0.5,0.0,0.125,0.0,0
CONSULTANT,System Administrator,0.12641793216925507,0.1200970355607923,0.5,0.0,0.5,0.0,0.125,0.0,0
INFORMATION-TECHNOLOGY,Firmware Test Engineer,0.0890850712288537,0.08463081766741101,0.0,0.254,0.5,10.0,0.0,0.0,1
ENGINEERING,"Vans Retail Sales Associate (Beachwood Place Mall 496 Beachwood, OH)",0.056565478228841566,0.053737204317399485,0.5,0.0,0.5,20.0,0.25,0.018773272411812557,1
BUSINESS-DEVELOPMENT,Director of Development ,0.07313514320011898,0.06947838604011303,0.5,0.25766666666666665,0.5,0.0,0.0,0.010566102709338759,1
APPAREL,Data Analyst/Manager,0.07109624732821683,0.06754143496180598,0.5,0.036333333333333336,0.5,0.0,0.125,0.0,0
CHEF,Network System Administrator,0.0454707968886004,0.04319725704417038,0.0,0.0,0.0,0.0,0.125,0.0,0
CHEF,Real Estate Acquisitions Sales Associate - Start Immediately,0.042974988130779775,0.040826238724240786,0.5,0.09266666666666666,0.5,0.0,0.0,0.0,0
CONSULTANT,Entry Level Software Engineer,0.058278296681821176,0.05536438184773011,0.5,0.0,0.5,0.0,0.125,0.0,0
INFORMATION-TECHNOLOGY,Data Entry Specialist,0.03660908873902934,0.03477863430207787,0.5,0.25633333333333336,0.5,20.0,0.0,0.034756713208162995,1
DESIGNER,SR. Web Designer,0.07393673193008418,0.07023989533357997,0.5,0.0,0.5,0.0,0.125,0.005436742594752063,1
DESIGNER,Senior Tech Recruiter (Remote),0.05951335678061345,0.05653768894158278,0.5,0.0,0.5,5.0,0.0,0.0,1
BPO,Technical Support Agent (Remote CT/MT/PT USA),0.08332727376287528,0.07916091007473151,0.5,0.0,0.5,6.0,0.0,0.0,1
DESIGNER,Remote E-Commerce Technical Analyst,0.0651743222093648,0.061915606098896556,0.3333333333333333,0.0,0.5,34.0,0.0,0.0,0
DESIGNER,Administrative Executive Assistant - Building Operations,0.060983583989723755,0.057934404790237565,0.0,0.0,0.5,0.0,0.0,0.0,1
CONSTRUCTION,Oracle E-Business Programmer & Decision Support,0.016590890937967354,0.015761346391068985,0.0,0.5113333333333333,0.5,0.0,0.0,0.035890080288788546,0
FINANCE,Sales Manager,0.05445154455244505,0.051728967324822794,0.5,0.0,0.5,0.0,0.0,0.004814259517892571,1
PUBLIC-RELATIONS,Marketing Intern,0.06616632267816605,0.06285800654425774,0.5,0.9103333333333333,0.5,0.0,0.0,0.0,0
HEALTHCARE,Remote E-Commerce Technical Analyst,0.05627929770422879,0.05346533281901735,0.0,0.0,0.5,10.0,0.0,0.0,0
INFORMATION-TECHNOLOGY,Web Developer (Front-End),0.055493767062791424,0.052719078709651854,0.5,0.8396666666666667,0.5,0.0,0.125,0.0,1
INFORMATION-TECHNOLOGY,Remote Customer Service Representative ($16/hr),0.005456876611565551,0.005184032780987273,0.5,0.794,0.5,0.0,0.25,0.0,1
HEALTHCARE,Career Coach,0.053506468189687295,0.050831144780202925,0.5,0.11566666666666667,0.5,10.0,0.125,0.0,0
DESIGNER,Bank Teller,0.016112751253151935,0.015307113690494338,0.5,0.8356666666666667,0.5,0.0,0.0,0.0,0
AVIATION,Art Director,0.02005414028104023,0.01905143326698822,0.5,0.0,0.5,0.0,0.0,0.0,1
DIGITAL-MEDIA,Automotive Business Development Center (BDC) Representative,0.04971032484638611,0.0472248086040668,0.0,0.09672466734902764,0.5,0.0,0.125,0.025473981258863396,0
ACCOUNTANT,Senior Embedded C++ Developer,0.04752267542277289,0.045146541651634245,0.5,0.23433333333333334,0.5,2.0,0.0,0.0,1
DIGITAL-MEDIA,Staff Software Engineer - SMB - Marketing Enablement,0.10101385482571512,0.09596316208442936,0.0,0.0,0.0,0.0,0.125,0.0,1
PUBLIC-RELATIONS,Full Time Teller,0.03429987919965565,0.032584885239672866,0.0,0.0,0.5,20.0,0.25,0.023667347773112427,0
PUBLIC-RELATIONS,Remote RN Case Manager,0.019012224881481944,0.018061613637407846,0.5,0.3526666666666667,0.5,0.0,0.0,0.014502988121814967,0
HEALTHCARE,Program Compliance Manager,0.06212026445822414,0.05901425123531293,0.5,0.0,0.5,0.0,0.0,0.0,0
SALES,Sales Leader I - Business Banking Sales Manager,0.07622057888864267,0.07240954994421053,0.5,0.19533333333333333,0.5,0.0,0.0,0.06522930384003602,1
ADVOCATE,Real Estate Agent - Training Provided,0.06944070554892998,0.06596867027148347,0.5,0.546,0.5,0.0,0.0,0.026562122280161044,0
CHEF,Program Compliance Manager - Remote,0.042352147804908064,0.04023454041466266,0.5,0.2783333333333333,0.5,0.0,0.0,0.01871252147316463,0
CHEF,"Field Sales Representative- Columbus, Ohio",0.04715488878956425,0.04479714435008604,0.5,0.209,0.5,0.0,0.125,0.0,0
DESIGNER,New Business Manager - St. Louis Area,0.06974844830267993,0.06626102588754593,0.5,0.0,0.5,15.0,0.0,0.018711097522677415,1
SALES,Sales Associate- FT,0.09218277568869601,0.0875736369042612,0.5,0.010463899546564353,0.5,30.0,0.0,0.0,1
BUSINESS-DEVELOPMENT,Business Development Sales Representative - Columbus,0.08509027852481449,0.08083576459857376,0.5,0.036,0.5,0.0,0.0,0.0,1
BUSINESS-DEVELOPMENT,"Director of Development -Queens, NY #822",0.12137458587616212,0.11530585658235401,0.5,0.283,0.5,0.0,0.0,0.0,1
CONSTRUCTION,"Sales Associate Totally Pagoda,Providence Place Mall",0.053880950172115236,0.05118690266350947,0.5,0.6376666666666667,0.5,0.0,0.0,0.0,0
FINANCE,Customer Experience Specialist II - REMOTE,0.03444203722389127,0.032719935362696705,0.5,0.0,0.5,19.0,0.125,0.0,0
CHEF,"Assistant Manager, Social Media, La Mer",0.02239211266047486,0.021272507027451117,0.5,0.0,0.5,30.0,0.0,0.0,0
TEACHER,"Program Manager, Blended Learning",0.07591836644409736,0.07212244812189249,0.5,0.0,0.5,0.0,0.0,0.0,0
INFORMATION-TECHNOLOGY,Dir Software Solutions Sales Senior,0.10283439727513369,0.097692677411377,0.5,0.0,0.5,0.0,0.0,0.04548041254429373,1
SALES,"Account Executive - Columbus, OH - AMO Sales and Services, Inc..",0.07190030341234682,0.06830528824172948,0.5,0.39166666666666666,0.5,0.0,0.0,0.0,1
INFORMATION-TECHNOLOGY,Vice President/General Manager (VP/GM),0.09735498121815046,0.09248723215724293,0.5,0.0,0.5,15.0,0.0,0.044311599003384376,0
CONSTRUCTION,Diversion Investigator,0.009229849051989626,0.008768356599390145,0.5,0.0,0.5,20.0,0.0,0.0,1
SALES,Salesforce.com QA Tester,0.050334273080807394,0.04781755942676702,0.5,0.119,0.5,0.0,0.0,0.0,1
SALES,Licensed Insurance Agent Remote Executive Sales Manager,0.09727527953288467,0.09241151555624043,0.5,0.08,0.5,0.0,0.0,0.0,1
SALES,Furniture Sales Associate,0.10508151800901948,0.0998274421085685,0.5,0.7493333333333333,0.5,0.0,0.0,0.0,1
FINANCE,NAM E-Commerce Retail Channel Marketing Leader,0.15023798738126734,0.14272608801220396,0.5,0.0,0.5,0.0,0.125,0.0,0
PUBLIC-RELATIONS,Systems Administrator,0.054152717113173945,0.05144508125751525,0.0,0.0,0.5,15.0,0.0,0.0,0
BANKING,Migrations Sales Executive- Credit Union,0.0655028509514241,0.06222770840385289,0.5,0.0,0.5,20.0,0.125,0.0,1
ENGINEERING,Sales Associate,0.03447630573718925,0.03275249045032979,0.5,0.0,0.5,20.0,0.375,0.08768681980142447,0
ARTS,Part-Time Sales Associate,0.09638624260401998,0.09156693047381897,0.5,0.6316666666666667,0.5,0.0,0.0,0.016991727790906432,1
FITNESS,Systems Administrator,0.07850842392094395,0.07458300272489675,0.0,0.0,0.5,0.0,0.0,0.08340941143953932,1
SALES,Digital Marketing Sales - Own the Territory – Run the Show,0.023287654593881137,0.02212327186418708,0.5,0.666,0.5,2.0,0.0,0.019740084862105708,1
SALES,Vice President of Solution Sales - Financial Services,0.05816685651126033,0.05525851368569731,0.5,0.09633333333333334,0.5,0.0,0.0,0.05337729441529807,1
APPAREL,PT-Sales Associate - ProServices-Flexible,0.05774328454235388,0.054856120315236186,0.5,0.0,0.5,0.0,0.0,0.021172243268587267,0
DIGITAL-MEDIA,Marketing Specialist,0.07844661932914274,0.0745242883626856,0.5,0.411,0.5,0.0,0.0,0.0,1
INFORMATION-TECHNOLOGY,Part-Time Retail Sales Associate,0.05437857524075927,0.05165964647872131,0.5,0.0,0.5,0.0,0.0,0.016061432089622813,0
ARTS,Owner Operators Just Announced: Largest rate increase in Forward...,0.03632787511414326,0.0345114813584361,0.5,0.6016666666666667,0.5,0.0,0.0,0.0,0
ARTS,C++ Embedded Engineer,0.03721425386784775,0.03535354117445536,0.5,0.29133333333333333,0.5,0.0,0.0,0.0,0
CONSULTANT,CEO Coach,0.01614639971816262,0.015339079732254486,0.5,0.33903420523138833,0.5,0.0,0.125,0.02451927428332717,0
HR,Talent Acquisition Specialist / Recruiter,0.14582280697089403,0.13853166662234934,0.5,0.058333333333333334,0.5,0.0,0.0,0.052378863001069795,1
BUSINESS-DEVELOPMENT,Accountant,0.033072757665156424,0.031419119781898604,0.0,0.42233333333333334,0.5,0.0,0.0,0.0,1
ENGINEERING,"Equity Research Associate, Biotechnology",0.030642956747948934,0.029110808910551487,0.5,0.003,0.5,29.0,0.125,0.0,0
INFORMATION-TECHNOLOGY,Data Entry Specialist,0.06496643297252692,0.06171811132390057,0.5,0.21033333333333334,0.5,0.0,0.125,0.0,1
HR,Warehouse Supervisor,0.0634974414756072,0.06032256940182683,0.5,0.0,0.5,0.0,0.0,0.0329571777403657,0
HR,Criminal Investigator 2,0.0893790277693236,0.08491007638085742,0.5,0.0,0.5,0.0,0.0,0.0,0
BUSINESS-DEVELOPMENT,Field Sales Account Executive,0.11265572163333974,0.10702293555167275,0.5,0.0,0.5,6.0,0.0,0.0,1
DESIGNER,HTML and Wordpress Developer,0.008385564071191136,0.00796628586763158,0.0,0.6511764705882352,0.5,0.0,0.0,0.0,0
AUTOMOBILE,"Career Coach, Alumni Talent Services",0.06678111118231152,0.06344205562319594,0.0,0.0,0.5,0.0,0.0,0.0,1
ACCOUNTANT,Customer Service Sales Associate,0.028090719561256843,0.026686183583194,0.5,0.4206666666666667,0.5,26.0,0.0,0.0,0
HR,Talent acquisition recruiter,0.045237282813054384,0.04297541867240166,0.0,0.0,0.0,0.0,0.125,0.01606683938882688,1
FINANCE,Programmer Analyst with R Consultant,0.03870750115840287,0.03677212610048273,0.0,0.16033333333333333,0.0,0.0,0.0,0.05122956044314922,1
DESIGNER,"Equity Research Associate, Biotechnology",0.05336302564449407,0.05069487436226937,0.0,0.0998766954377312,0.5,0.0,0.0,0.0,1
BUSINESS-DEVELOPMENT,"Account Executive, Urology - Ohio and parts of W.PA, W.VA",0.1528807508187391,0.14523671327780213,0.0,0.139,0.5,12.0,0.125,0.0,1
APPAREL,"Retail Commission Sales Associate - Fine Jewelry, Del Amo Fashion...",0.019887723737623264,0.0188933375507421,0.5,0.9016666666666666,0.5,0.0,0.25,0.0,1
FINANCE,Supply Chain Analyst (ED),0.0824644661323157,0.07834124282569992,0.0,0.2723333333333333,0.5,0.0,0.0,0.021264593835853038,1
CONSULTANT,Retail Sales Associate,0.039861554854502226,0.03786847711177711,0.5,0.0,0.5,0.0,0.0,0.027966242917869588,0
BUSINESS-DEVELOPMENT,Kitchen Cleaner,0.018815438767655505,0.017874666829272728,0.5,0.405,0.5,0.0,0.0,0.0,0
SALES,Part-Time Sales Associate | Crowfoot,0.09695862613827215,0.09211069483135854,0.5,0.374,0.5,4.0,0.0,0.1156203159225773,1
INFORMATION-TECHNOLOGY,Data Entry Clerk,0.03993566498513906,0.037938881735882106,0.5,0.26166666666666666,0.5,0.0,0.125,0.0,1
DIGITAL-MEDIA,Marketing Intern,0.09919133628203919,0.09423176946793722,0.5,0.8033333333333333,0.5,0.0,0.0,0.03635323874762159,1
INFORMATION-TECHNOLOGY,Software Engineer (remote),0.032541641343419025,0.030914559276248074,0.0,0.011333333333333334,0.5,16.0,0.0,0.1506401849870651,1
DESIGNER,Admin/Clerical Recruiter,0.013009063058579743,0.012358609905650755,0.5,0.738,0.5,0.0,0.0,0.0,1
ARTS,Tech Support Agent - Remote US,0.07623950965890613,0.07242753417596083,0.0,0.0,0.5,10.0,0.125,0.0,1
ACCOUNTANT,Commercial Contracts Lawyer,0.04437919660756513,0.042160236777186874,0.5,0.11566666666666667,0.5,0.0,0.0,0.0,0
PUBLIC-RELATIONS,Sales Associate,0.1362559940695244,0.12944319436604818,0.5,0.433,0.5,0.0,0.0,0.0,1
BUSINESS-DEVELOPMENT,Remote Patient Advocate Specialist,0.0425401450913847,0.040413137836815466,0.5,0.0,0.5,10.0,0.0,0.016397084093189393,1
FITNESS,Construction Project Manager,0.050253899151624565,0.04774120419404333,0.0,0.4796666666666667,0.5,0.0,0.0,0.007625475111060365,0
HEALTHCARE,Chief Executive Officer - Healthcare - Columbus,0.09921253082828009,0.09425190428686608,0.5,0.17,0.5,10.0,0.0,0.01013814501968236,1
FINANCE,Healthcare Administrative Assistant – Urgent Hiring,0.044023972944114864,0.04182277429690912,0.5,0.0,0.5,0.0,0.0,0.0,0
DESIGNER,Real Estate Acquisitions Analyst / Sr. Analyst,0.04797361486295828,0.04557493411981036,0.5,0.333,0.5,0.0,0.0,0.010678406753475547,1
FINANCE,Director of Finance,0.17893621330308754,0.16998940263793316,0.5,0.0,0.5,20.0,0.125,0.0,1
BUSINESS-DEVELOPMENT,Sr Manager - Business Development,0.08391067400728575,0.07971514030692145,0.5,0.0,0.5,0.0,0.0,0.0,1
BUSINESS-DEVELOPMENT,Real Estate Paralegal or Executive Assistant,0.037132326350011055,0.0352757100325105,0.0,0.671,0.5,20.0,0.0,0.0,0
HR,Utility Cleaner - Kitchen ($19.77/hr),0.054889716859711446,0.05214523101672587,0.5,0.0,0.5,6.0,0.0,0.0,1
DIGITAL-MEDIA,"Equity Research Associate, Biotechnology",0.03546119553034831,0.03368813575383089,0.5,0.003,0.5,31.0,0.125,0.0,0
INFORMATION-TECHNOLOGY,Senior Embedded C++ Developer,0.04065764003646076,0.03862475803463772,0.5,0.23433333333333334,0.5,6.0,0.125,0.0,1
SALES,Bilingual Occupational Registered Nurse,0.020936371773089994,0.019889553184435492,0.5,0.48057616761239635,0.5,0.0,0.0,0.0,0
CONSTRUCTION,Software Engineer (remote),0.043791043637985534,0.041601491456086256,0.0,0.0,0.5,0.0,0.0,0.017259019299591973,0
FINANCE,"Senior Analyst, ECommerce, Search Marketing",0.09069844623386998,0.08616352392217648,0.5,0.0,0.5,0.0,0.0,0.0,1
FITNESS,Career Coach,0.030350134002952854,0.02883262730280521,0.5,0.11566666666666667,0.5,0.0,0.125,0.023378904775389845,1
SALES,Sales Associate,0.046936801058419846,0.04458996100549885,0.5,0.304,0.5,5.0,0.125,0.048383470469789455,1
ADVOCATE,Data Entry Operator Remote (Remote),0.04569359953943085,0.043408919562459305,0.5,0.5936666666666667,0.5,0.0,0.125,0.017476314371786195,0
SALES,Sales And Marketing Representative,0.053607636077358876,0.05092725427349093,0.5,0.4069364161849711,0.5,0.0,0.125,0.030780232824999816,1
SALES,Sales Professional,0.13977771341913003,0.13278882774817352,0.5,0.16933333333333334,0.5,6.0,0.0,0.15810097303106596,1
ADVOCATE,"Associate, Corporate Development",0.08815481044026569,0.0837470699182524,0.5,0.0,0.5,0.0,0.125,0.19431434016858148,0
TEACHER,Digital Marketing Specialist,0.04543772457861307,0.04316583834968242,0.5,0.5866666666666667,0.5,0.0,0.0,0.0,0
DESIGNER,Recruiter,0.00910579828852474,0.008650508374098503,0.5,0.6603333333333333,0.5,0.0,0.0,0.0,1
AGRICULTURE,Marketing Intern,0.019487094943527503,0.018512740196351126,0.5,0.9103333333333333,0.5,20.0,0.0,0.0,0
FINANCE,Senior Financial Analyst,0.17367660765303608,0.16499277727038428,1.0,0.462,0.5,20.0,0.125,0.0,1
AUTOMOBILE,Biotech Equity Research Associate,0.05984823400787695,0.0568558223074831,0.5,0.456,0.5,10.0,0.125,0.012031731273018272,0
CONSTRUCTION,GRC Product Risk Analyst (Remote),0.05660030414161705,0.05377028893453619,0.0,0.0,0.5,0.0,0.125,0.0,0
CHEF,Marketing Director,0.06665106268463324,0.06331850955040157,0.0,0.0,0.5,21.0,0.125,0.0,0
TEACHER,"Global Investment Research, Equity Research, Heathcare - Biotech...",0.030325573417836673,0.02880929474694484,0.0,0.2397130992827482,0.5,0.0,0.0,0.0,0
ACCOUNTANT,"Holman Frenia Allison, PC Hiring for Audit Staff Accountant Job at...",0.12381940053888428,0.11762843051194007,0.0,0.2613333333333333,0.5,15.0,0.0,0.0,1
ADVOCATE,Regional Sales Manager,0.012470582722573497,0.011847053586444821,0.5,0.811,0.5,0.0,0.0,0.0,0
DIGITAL-MEDIA,Account Delivery Manager,0.08356707319443787,0.07938871953471598,0.5,0.0,0.5,0.0,0.0,0.0,0
ADVOCATE,Office Clerk,0.01658333032266594,0.01575416380653264,0.5,0.6933333333333334,0.5,0.0,0.0,0.0,0
AVIATION,Career Coach,0.050986347504209814,0.048437030128999324,0.5,0.1,0.5,0.0,0.0,0.027474057193648763,0
FITNESS,coach,0.0,0.0,0.5,0.9883333333333333,0.5,0.0,0.0,0.0,1
HR,"Career Coach, Alumni Talent Services",0.04361510741184169,0.04143435204124961,0.0,0.0,0.5,0.0,0.0,0.0,1
CONSULTANT,Customer Service Representative - (1st Shift) - Remote,0.07759654974787113,0.07371672226047757,0.0,0.025,0.5,1.0,0.0,0.009711488770391725,0
PUBLIC-RELATIONS,Art Director,0.09639990379064825,0.09157990860111584,0.5,0.0,0.5,20.0,0.25,0.027420083139489678,1
DESIGNER,Video Art Director,0.11789977662241956,0.11200478779129858,0.5,0.0,0.5,0.0,0.25,0.0,1
FITNESS,Sales And Marketing Specialist,0.03774993013067705,0.035862433624143195,0.5,0.937,0.5,0.0,0.125,0.0,1
HEALTHCARE,Project Manager (CCR focused),0.035361599239937334,0.033593519277940465,0.5,0.0,0.5,0.0,0.0,0.0,1
HR,Senior Tech Recruiter (Remote),0.060237511230453206,0.05722563566893054,0.5,0.0,0.5,0.0,0.0,0.02462827659075931,1
DIGITAL-MEDIA,Marketing Specialist,0.13982794678851554,0.13283654944908976,0.5,0.411,0.5,0.0,0.0,0.02834256549121909,1
FINANCE,Inventory Clerk,0.023205008911160247,0.022044758465602235,0.5,0.7426666666666667,0.5,0.0,0.0,0.0,0
FINANCE,Software Developer- Entry Level,0.05783324464540498,0.054941582413134724,0.0,0.03266666666666666,0.0,14.0,0.125,0.036506662473965015,0
AVIATION,"Assistant Manager, Operations | Nyc Downtown (Multiple Locations)",0.05304760974044143,0.05039522925341936,0.5,0.14266666666666666,0.5,0.0,0.125,0.0,0
INFORMATION-TECHNOLOGY,Software Engineer I ( 100% Remote),0.05776107189885707,0.054873018303914216,0.0,0.0,0.0,20.0,0.25,0.0,1
CHEF,"Global Business Development, Business Solutions Specialist",0.015456992434016454,0.01468414281231563,0.5,0.6733333333333333,0.5,14.0,0.0,0.0055534474971900595,0
FINANCE,Marketing Manager,0.05607217144154133,0.053268562869464256,0.5,0.0,0.5,2.0,0.0,0.019606493368604275,0
ARTS,Software Developer,0.028253199366261247,0.02684053939794818,0.0,0.0,0.5,0.0,0.0,0.032343247964707444,1
SALES,Furniture Sales Associate,0.06207529648896722,0.05897153166451886,0.5,0.7493333333333333,0.5,0.0,0.125,0.0,1
INFORMATION-TECHNOLOGY,Data Entry Clerk,0.026974885817758712,0.025626141526870774,0.5,0.26166666666666666,0.5,0.0,0.0,0.02463275772752457,1
HEALTHCARE,Vice President & Chief Financial Officer,0.03966447350690278,0.03768124983155764,0.5,0.0,0.5,25.0,0.0,0.0,0
INFORMATION-TECHNOLOGY,C++ Embedded Engineer with Security Clearance,0.11039709816416457,0.10487724325595633,0.5,0.216,0.5,0.0,0.125,0.0,1
FINANCE,Animation Programmer,0.051307646176552535,0.04874226386772491,0.5,0.242,0.5,0.0,0.125,0.011654858205663983,0
HR,"Field Sales Representative- Columbus, Ohio",0.05295752648405802,0.05030965015985512,0.5,0.209,0.5,0.0,0.0,0.013716582561707038,1
DIGITAL-MEDIA,Vice President of Business Intelligence,0.08289603823427995,0.07875123632256595,0.0,0.132,0.0,0.0,0.125,0.0,0
BANKING,Special Agent,0.05451055392455476,0.05178502622832702,0.0,0.0,0.5,10.0,0.25,0.0,0
AVIATION,Sales Representative / Sales Associate,0.03355248599063315,0.03187486169110149,0.5,0.3526666666666667,0.5,0.0,0.125,0.0,1
DIGITAL-MEDIA,Senior Marketing Specialist,0.09799825192050457,0.09309833932447933,0.5,0.0,0.5,15.0,0.125,0.0859689528119361,1
ACCOUNTANT,"Sr. Manager, Customer Experience Center Business Process",0.048545610032877516,0.04611832953123364,1.0,0.0,0.5,0.0,0.0,0.025182947856281487,0
HEALTHCARE,Medical Office Specialist,0.07696222333085094,0.0731141121643084,0.5,0.0,0.5,0.0,0.125,0.0,1
CONSULTANT,Criminal justice,0.02028902744345249,0.019274576071279866,0.5,0.43166666666666664,0.5,6.0,0.125,0.0,0
FINANCE,CDL-A Flatbed Truck Driver,0.041663130042391264,0.0395799735402717,0.0,0.4236666666666667,0.5,0.0,0.0,0.0,0
CONSTRUCTION,Business Development Manager,0.046972177142606965,0.04462356828547662,0.5,0.0,0.5,16.0,0.0,0.0,0
CHEF,Part-time   Patient Advocate,0.037250388807519616,0.03538786936714363,0.5,0.12266666666666666,0.5,5.0,0.125,0.0,0
ENGINEERING,"Construction Project Manager- (Remote in Detroit, Cleveland, or...",0.06684389681322835,0.06350170197256692,0.5,0.0,0.5,4.0,0.125,0.0,0
BUSINESS-DEVELOPMENT,"Account Executive - Columbus, OH - AMO Sales and Services, Inc..",0.0825511303064591,0.07842357379113614,0.5,0.0,0.5,0.0,0.0,0.0,1
DIGITAL-MEDIA,"Sr Mgr, Outreach and Engagement",0.028540395066894684,0.02711337531354995,0.5,0.0,0.5,0.0,0.0,0.0,0
HEALTHCARE,Senior Software Developer- Full Stack (Remote),0.040355812358705716,0.03833802174077043,0.0,0.0,0.5,0.0,0.0,0.0,0
AVIATION,C++ Embedded Engineer with Security Clearance,0.05505454880635767,0.05230182136603979,0.5,0.216,0.5,15.0,0.125,0.0,0
INFORMATION-TECHNOLOGY,Sales Associate – Luxury Brand in NYC!,0.07929820903158377,0.07533329858000458,0.5,0.2826666666666667,0.5,0.0,0.0,0.0,0
PUBLIC-RELATIONS,Travel STNA,0.0439460985586885,0.04174879363075407,0.5,0.24766666666666667,0.5,0.0,0.0,0.039247489153474105,0
INFORMATION-TECHNOLOGY,"Senior Data Security Engineer, Vice President - Remote",0.05279572851678459,0.05015594209094536,0.5,0.0,0.5,9.0,0.0,0.0,1
ACCOUNTANT,Art Teacher,0.04679098722738963,0.04445143786602014,0.5,0.6881162428645563,0.5,0.0,0.0,0.0,0
FINANCE,Business Banking Relationship Manager,0.044640679264010004,0.042408645300809504,0.5,0.0,0.5,0.0,0.0,0.0,1
BUSINESS-DEVELOPMENT,"Director, Strategy & Operations",0.07332954295700882,0.06966306580915838,0.0,0.05733333333333333,0.0,20.0,0.0,0.1659910931166788,1
INFORMATION-TECHNOLOGY,C++ Embedded Engineer with Security Clearance,0.05825216367517989,0.05533955549142089,0.5,0.216,0.5,3.0,0.125,0.0,1
SALES,Sales Associate-COLONY SQUARE MALL,0.053930601107213,0.05123407105185235,0.5,0.8300653594771242,0.5,0.0,0.125,0.0,1
BUSINESS-DEVELOPMENT,Retail Sales Associate (part-time) - 162,0.06675520982075508,0.06341744932971732,0.5,0.0,0.5,0.0,0.0,0.0,0
HEALTHCARE,Art Teacher,0.0020261296278653715,0.0019248231464721029,0.5,0.7996666666666666,0.5,0.0,0.125,0.0,0
INFORMATION-TECHNOLOGY,Data Entry Clerk,0.0,0.0,0.5,0.9856666666666667,0.5,0.0,0.0,0.0,1
AUTOMOBILE,College and Career Advisor - Cuyahoga County,0.09629910179379624,0.09148414670410641,0.0,0.0,0.5,0.0,0.0,0.08248746757694701,1
BANKING,"Furniture Sales Associates - Bridgewater, N.J.",0.14840047615566584,0.14098045234788253,0.5,0.0,0.5,0.0,0.0,0.0,0
FINANCE,IT Systems Administrator,0.06837095048634866,0.06495240296203122,0.0,0.07033333333333333,0.5,0.0,0.0,0.0,0
SALES,Sales Executive Richmond Hotel,0.04491809370425541,0.042672189019042635,0.5,0.42333333333333334,0.5,0.0,0.125,0.07642750268741731,1
BUSINESS-DEVELOPMENT,Data Entry Specialist,0.06253790930808659,0.059411013842682256,0.5,0.25633333333333336,0.5,0.0,0.0,0.0,0
DESIGNER,Part-Time Technical Support Agent (Remote),0.08714932051214719,0.08279185448653982,0.5,0.0,0.5,0.0,0.0,0.03328997297470869,1
ENGINEERING,Firmware Test Engineer,0.06509782480285543,0.06184293356271266,0.0,0.254,0.5,125.0,0.125,0.03337379140631036,1
DESIGNER,Equity research associate,0.05433602938838342,0.05161922791896424,0.5,0.5966666666666667,0.5,15.0,0.0,0.0,1
INFORMATION-TECHNOLOGY,Office Administrator,0.07486296621017274,0.07111981789966411,1.0,0.0,0.5,0.0,0.0,0.0,1
CHEF,Sales Associate,0.0,0.0,0.5,0.9763333333333334,0.5,0.0,0.125,0.0,0
ARTS,Corporate Recruiter (Remote),0.03754445456623271,0.03566723183792107,0.5,0.0,0.5,0.0,0.0,0.0,0
AGRICULTURE,College and Career Advisor - Cuyahoga County,0.06092773930359393,0.05788135233841423,0.0,0.288,0.5,5.0,0.125,0.0,0
FINANCE,GRC Product Risk Analyst (Remote),0.10820469955310263,0.1027944645754475,0.0,0.0,0.5,0.0,0.125,0.0,1
INFORMATION-TECHNOLOGY,"Sr. Software Engineer, Networking (Remote)",0.06423324352908935,0.06102158135263488,0.0,0.2833333333333333,0.5,0.0,0.0,0.0,1
AVIATION,Assistant Manager,0.03139718666637959,0.02982732733306061,0.5,0.5903333333333334,0.5,0.0,0.0,0.0,0
ENGINEERING,C++ Embedded Engineer with Security Clearance,0.06746328735722491,0.06409012298936366,0.5,0.216,0.5,0.0,0.0,0.0,1
BUSINESS-DEVELOPMENT,Full Stack Web Developer,0.0450326930715514,0.04278105841797383,0.0,0.628,0.0,0.0,0.0,0.0,0
INFORMATION-TECHNOLOGY,Data Entry - Work from Home - International Applicants Accepted,0.06183060235133479,0.05873907223376805,0.0,0.0,0.5,0.0,0.125,0.023838159300946748,1
FITNESS,Entry Level Software Engineer,0.03715185867456332,0.03529426574083515,0.5,0.0,0.5,0.0,0.0,0.0,0
AGRICULTURE,T Mobile Work From Home – Customer Service Associate Expert – $20/hr.,0.06553755238271416,0.06226067476357845,0.5,0.0,0.5,0.0,0.25,0.0,0
ENGINEERING,Sales Associate,0.058624536755237724,0.055693309917475835,1.0,0.0,0.5,25.0,0.125,0.0,0
CONSTRUCTION,"Outside Sales Executive, Remote",0.07265504418879074,0.0690222919793512,0.5,0.138,0.5,0.0,0.125,0.0,0
INFORMATION-TECHNOLOGY,Systems Administrator,0.0851342539659457,0.08087754126764841,0.0,0.32,0.0,9.0,0.0,0.012992280751822426,1
DESIGNER,Senior Project Manager - Education,0.08002249897336648,0.07602137402469815,0.5,0.2623333333333333,0.5,0.0,0.0,0.008658330957560027,1
HEALTHCARE,"Assurance Senior, Public Accounting",0.057376951267344926,0.05450810370397768,0.5,0.21566666666666667,0.5,20.0,0.0,0.0,0
BUSINESS-DEVELOPMENT,Part-Time Retail Sales Associate,0.06973554373673473,0.06624876654989799,0.5,0.0,0.5,15.0,0.125,0.06322609912131148,0
INFORMATION-TECHNOLOGY,Frontend Web Developer,0.03203122843407645,0.030429667012372628,0.5,0.7036666666666667,0.5,20.0,0.125,0.025798496598466572,1
AGRICULTURE,College and Career Advisor - Cuyahoga County,0.07063302849484876,0.06710137707010631,0.0,0.0,0.5,0.0,0.0,0.0,0
FINANCE,Sr Manager - Business Development,0.02311573142955071,0.021959944858073174,0.5,0.0,0.5,0.0,0.0,0.0,1
BUSINESS-DEVELOPMENT,Business Development Center Representative - Performance Columbus,0.06114679645827464,0.0580894566353609,0.5,0.317,0.5,0.0,0.0,0.0,1
BPO,Customer Service Representative L2 (Work-At-Home),0.06909018949656871,0.06563568002174028,0.5,0.0,0.5,0.0,0.125,0.021855076856818097,1
DESIGNER,Sr. Art Director,0.060773104123217604,0.05773444891705672,0.5,0.056666666666666664,0.5,0.0,0.125,0.0,1
DESIGNER,Senior Art Director,0.016904279837674372,0.016059065845790654,0.0,0.703,0.5,0.0,0.0,0.0,1
HEALTHCARE,Clinical Educator Part Time,0.10565539728360865,0.1003726274194282,0.5,0.61,0.5,0.0,0.0,0.0,1
HEALTHCARE,Nursing Assistant (Inpatient Mental Health),0.043764797111143824,0.04157655725558663,0.5,0.0,0.5,28.0,0.25,0.0,1
TEACHER,Restaurant Operations Manager,0.04033343911998171,0.03831676716398262,0.5,0.0,0.5,0.0,0.0,0.0,1
HEALTHCARE,Remote Customer Service Representative,0.06989325060352922,0.06639858807335275,0.5,0.0,0.5,15.0,0.0,0.0,0
HR,"Manager, Data Analytics",0.024714763660557335,0.023479025477529468,0.5,0.5573333333333333,0.5,4.0,0.0,0.0,0
ARTS,Sales Leader I - Business Banking Sales Manager,0.0608730905541772,0.05782943602646834,0.5,0.0,0.5,0.0,0.0,0.0,0
CONSTRUCTION,"Software Engineer - Reno, NV",0.0503811218422048,0.04786206575009456,0.0,0.0,0.0,25.0,0.0,0.026516422929469444,0
ENGINEERING,Software Engineer,0.08444664309360048,0.08022431093892045,0.0,0.2826666666666667,0.0,20.0,0.25,0.0,1
ACCOUNTANT,Loss Prevention (LP) Detective,0.04637251025865153,0.04405388474571895,0.5,0.0,0.5,0.0,0.0,0.02719604388281539,0
ADVOCATE,Banking Center Supervisor,0.09063763038855897,0.08610574886913103,0.5,0.0,0.5,0.0,0.125,0.0,1
DESIGNER,"Software Engineer, Test, Advertising",0.01339996949072356,0.012729971016187381,0.5,0.762,0.5,0.0,0.0,0.0,0
SALES,Sales Associate - Easton T/C,0.08591783632456257,0.08162194450833443,0.5,0.294,0.5,0.0,0.0,0.06840502709126574,1
BUSINESS-DEVELOPMENT,Warehouse Manager IV,0.055330972601882016,0.05256442397178791,0.5,0.0,0.5,0.0,0.0,0.0,0
SALES,Retail Floor Leader - Anthem,0.038739934338767476,0.0368029376218291,0.5,0.31366666666666665,0.5,0.0,0.0,0.08445474957856358,1
FITNESS,Director Financial Business Management (Freeport),0.06484224350757184,0.06160013133219325,0.0,0.050666666666666665,0.5,0.0,0.0,0.0,0
CHEF,Work From Home - BEGIN IMMEDIATELY - Data Entry Clerk,0.03202698866317182,0.030425639230013228,0.5,0.14872979214780602,0.5,0.0,0.0,0.0,0
BUSINESS-DEVELOPMENT,Business Development Manager,0.11609557257787194,0.11029079394897834,0.5,0.0,0.5,0.0,0.0,0.0,1
DIGITAL-MEDIA,Marketing Manager,0.18584742192111134,0.17655505082505576,0.5,0.158,0.5,0.0,0.0,0.05729244831764725,1
DIGITAL-MEDIA,Social Content Creator (TikTok & Reels Specialist),0.04288439354221219,0.04074017386510158,0.5,0.4796666666666667,0.5,20.0,0.25,0.0,1
INFORMATION-TECHNOLOGY,REMOTE Data Entry/Auditor,0.05679016565434213,0.05395065737162502,0.0,0.13833333333333334,0.5,5.0,0.125,0.010135529178762107,1
HR,Senior Embedded C++ Developer,0.04894358507079804,0.046496405817258134,0.5,0.23433333333333334,0.5,1.0,0.0,0.0,1
ACCOUNTANT,C++ Embedded Engineer,0.024450795138453274,0.02322825538153061,0.5,0.29133333333333333,0.5,0.0,0.0,0.0,0
ARTS,Vice President Marketing,0.04181495864173296,0.03972421070964631,0.0,0.24666666666666667,0.5,0.0,0.0,0.0,0
DESIGNER,Customer Care Embracer,0.04497695031641704,0.042728102800596184,0.5,0.0,0.5,0.0,0.125,0.006296033399492658,0
BUSINESS-DEVELOPMENT,"Manager, Business Strategy And Operations",0.03362803227616409,0.03194663066235588,0.5,0.0,0.5,0.0,0.125,0.0,1
BANKING,Customer Service Representative,0.06695044984966671,0.06360292735718337,0.0,0.0,0.5,0.0,0.0,0.09695801327248554,0
ACCOUNTANT,Senior Project Manager - Education,0.06005763075887741,0.05705474922093354,0.5,0.0,0.5,8.0,0.0,0.0,0
AGRICULTURE,Owner Operators Just Announced: Largest rate increase in Forward...,0.04094328756242745,0.038896123184306075,0.5,0.6016666666666667,0.5,0.0,0.0,0.0,0
FINANCE,Vice President Operations Excellence,0.1312409652212842,0.12467891696021999,0.5,0.0,0.5,15.0,0.0,0.0,0
BUSINESS-DEVELOPMENT,Senior HR Business Partner,0.05897074358224411,0.05602220640313191,0.0,0.0,0.5,0.0,0.125,0.0,1
PUBLIC-RELATIONS,Dishwasher/Kitchen Cleaner,0.022292776301680656,0.021178137486596624,0.5,0.6433333333333333,0.5,0.0,0.0,0.0,1
ACCOUNTANT,"Full Time Digital Marketing Specialist - Columbus, OH",0.0591892105425664,0.056229750015438076,0.5,0.0,0.5,3.0,0.0,0.010969584089029346,0
FINANCE,Sr analyst compliance,0.04460474750455769,0.0423745101293298,0.5,0.0,0.5,8.0,0.0,0.0,1
FITNESS,Marketing Intern,0.05808292845916187,0.05517878203620377,0.5,0.07233333333333333,0.5,0.0,0.0,0.0,0
FINANCE,Director Financial Business Management (Freeport),0.07029338035820935,0.06677871134029888,0.0,0.050666666666666665,0.5,6.0,0.0,0.0,1
CONSTRUCTION,Firmware Test Engineer,0.06021259601551191,0.05720196621473631,0.0,0.254,0.5,0.0,0.0,0.0,1
ADVOCATE,Data Entry Specialist,0.0471880359674895,0.04482863416911503,1.0,0.0,0.5,0.0,0.125,0.0,0
CONSTRUCTION,Astonishing Homecare Drivers,0.022802641148906,0.0216625090914607,0.5,0.36233333333333334,0.5,21.0,0.125,0.0,0
FINANCE,Remote Customer Service Associate,0.03706669054257424,0.03521335601544553,0.5,0.07533333333333334,0.5,0.0,0.125,0.02348241266787355,0
DESIGNER,Data Entry Operator - REMOTE,0.05849084247509094,0.05556630035133639,0.5,0.22119037568594344,0.5,0.0,0.0,0.0192276588576885,0
CONSTRUCTION,Creative Real Estate Agent in Nyc (We Train You),0.04414498825335391,0.04193773884068621,0.5,0.14833333333333334,0.5,0.0,0.0,0.0,0
INFORMATION-TECHNOLOGY,Credit Collections Lead,0.05507750459706768,0.05232362936721429,1.0,0.0,0.5,5.0,0.0,0.0,1
DIGITAL-MEDIA,Office Administrator,0.057287795523454504,0.05442340574728178,0.0,0.0,0.5,0.0,0.0,0.0,0
ACCOUNTANT,"Equity Research Associate, Biotech",0.043632005190931106,0.04145040493138455,1.0,0.0,0.5,0.0,0.0,0.05353225557834327,0
SALES,Regional Sales Manager,0.06118072621273248,0.058121689902095854,0.0,0.4746666666666667,0.5,0.0,0.0,0.10494475988128878,1
SALES,Selling - Inside Sales Associate,0.08875967405780011,0.0843216903549101,0.5,0.7216666666666667,0.5,0.0,0.0,0.0,1
DESIGNER,Licensed Insurance Agent Remote Executive Sales Manager,0.013172091573240055,0.012513486994578051,0.0,0.7152173913043478,0.5,0.0,0.0,0.0,0
INFORMATION-TECHNOLOGY,VP Marketing,0.06027042790688528,0.05725690651154101,0.5,0.0,0.5,0.0,0.125,0.0,0
ARTS,Sr. Art Director,0.022678855389902313,0.021544912620407197,0.5,0.056666666666666664,0.5,0.0,0.0,0.0,1
ARTS,Remote Inbound Customer Service Representative,0.07316171027409277,0.06950362476038813,0.5,0.47933333333333333,0.5,10.0,0.0,0.0,0
BUSINESS-DEVELOPMENT,Office Administrator,0.026922560050875653,0.02557643204833187,0.0,0.0,0.5,0.0,0.125,0.0,0
FINANCE,Sales Manager,0.0374220461253119,0.035550943819046305,0.5,0.0,0.5,0.0,0.125,0.0,0
ARTS,Investment Service Partner – Customer Service Rep – REMOTE OPTION,0.030275375228305382,0.028761606466890112,0.5,0.0,0.5,0.0,0.0,0.0023194684668616052,1
CONSULTANT,Management Internship,0.03578818709954897,0.03399877774457152,0.5,0.631,0.5,0.0,0.125,0.05353225557834327,0
APPAREL,College and Career Advisor - Cuyahoga County,0.09737575346372215,0.09250696579053604,0.0,0.0,0.5,0.0,0.0,0.0,1
CONSTRUCTION,"Manager, Data Analytics",0.017865724132530705,0.01697243792590417,0.5,0.5573333333333333,0.5,0.0,0.0,0.0,0
BUSINESS-DEVELOPMENT,"Director, Strategy & Operations",0.06847515003064304,0.0650513925291109,0.0,0.05733333333333333,0.0,0.0,0.0,0.09948374017848385,1
HEALTHCARE,$17.50hr - Patient Advocate - Part Time Position - Mon - Fri ...,0.11983076990988152,0.11383923141438744,0.5,0.7193333333333334,0.5,21.0,0.0,0.0,1
DESIGNER,Talent Acquisition Manager,0.08576938378309942,0.08148091459394445,0.5,0.0,0.5,0.0,0.125,0.0,1
HR,Furniture Sales Associate,0.04612345171269544,0.04381727912706067,0.5,0.0,0.5,20.0,0.0,0.03333888866728034,0
ENGINEERING,Customer Service Representative - (1st Shift) - Remote,0.02926428478568537,0.0278010705464011,1.0,0.025,0.5,0.0,0.125,0.027508856318248703,0
CONSTRUCTION,Sales Executive Richmond Hotel,0.03398479972364998,0.03228555973746748,0.5,0.0,0.5,0.0,0.0,0.02782621854749359,0
SALES,"Acquisitions, Associate",0.04427091671152331,0.042057370875947145,0.0,0.0,0.5,0.0,0.125,0.013432810357301504,0
HEALTHCARE,Medical Case Manager - (Remote),0.09914344803503274,0.0941862756332811,0.5,0.0,0.5,0.0,0.125,0.0,1
AVIATION,Marketing Event Coordinator,0.05368153986826177,0.05099746287484868,0.5,0.439,0.5,20.0,0.0,0.009852656319588813,0
FINANCE,Customer Support Specialist,0.11677105202605063,0.1109324994247481,0.0,0.44433333333333336,0.5,0.0,0.0,0.03690233385919396,0
INFORMATION-TECHNOLOGY,It Systems Administrator Ii,0.09469790542304295,0.0899630101518908,1.0,0.7323333333333333,0.5,0.0,0.125,0.028751437009858195,1
BPO,Remote Administrative Assistant,0.0876417269524417,0.0832596406048196,0.5,0.37366666666666665,0.5,0.0,0.0,0.022465579581989872,0
ACCOUNTANT,Automotive Business Development Center (BDC) Representative,0.0453910882487267,0.04312153383629037,0.0,0.3486666666666667,0.5,15.0,0.0,0.0,0
AVIATION,Systems Analyst - Appserver Admin,0.05679847985781786,0.05395855586492696,0.0,0.0,0.0,0.0,0.0,0.014621993866097504,0
DESIGNER,Therapeutic Coach Team Lead,0.029028463247392795,0.027577040085023152,0.5,0.19643820831084727,0.5,0.0,0.125,0.0,0
ARTS,Digital Marketing Internship at EdTech Start-up,0.03367912071860004,0.03199516468267004,0.5,0.12393016090380007,0.5,0.0,0.0,0.0,1
DIGITAL-MEDIA,Information Technology System Administrator,0.04442717921094705,0.04220582025039969,0.0,0.0,0.5,0.0,0.125,0.012059327254584088,0
SALES,Accounts Receivable-FC,0.0923313086966282,0.08771474326179679,0.0,0.0,0.5,0.0,0.0,0.0,0
DESIGNER,Director of Finance,0.02910440321946212,0.027649183058489013,0.5,0.41933333333333334,0.5,0.0,0.0,0.0,0
PUBLIC-RELATIONS,Accountant,0.03109427182481558,0.0295395582335748,0.0,0.42233333333333334,0.5,0.0,0.0,0.0,1
ARTS,Sr. Art Director,0.03581413542429474,0.03402342865308,0.5,0.056666666666666664,0.5,0.0,0.0,0.0,1
ADVOCATE,Director human resources,0.05420260310208537,0.0514924729469811,0.5,0.6033333333333334,0.5,0.0,0.125,0.04190424716879126,0
ACCOUNTANT,Front-End Engineer/UI Developer,0.01334262604767749,0.012675494745293616,0.5,0.4796666666666667,0.5,0.0,0.0,0.0,0
HR,Director human resources,0.15689156633022866,0.1490469880137172,0.5,0.6033333333333334,0.5,0.0,0.0,0.09439808812643206,1
INFORMATION-TECHNOLOGY,Software Developer,0.060605464824914135,0.057575191583668424,0.0,0.0,0.5,0.0,0.125,0.013341889159229535,1
CONSULTANT,"Assurance Senior, Public Accounting",0.0569407987560034,0.054093758818203226,0.5,0.21566666666666667,0.5,0.0,0.0,0.0,0
ARTS,Satellite TV Installer - Entry Level,0.04149792836163579,0.039423031943553996,0.5,0.0,0.5,0.0,0.0,0.059110023307199555,0
CONSULTANT,Retail Sales Associate (All positions),0.038649165651717166,0.0367167073691313,0.5,0.448,0.5,10.0,0.0,0.01269788521161387,0
AUTOMOBILE,"Coordinator, Customer Care Center",0.05346494499631479,0.05079169774649905,0.5,0.0,0.5,10.0,0.125,0.0,1
FITNESS,Chief Executive Officer (CEO),0.058680903313574874,0.05574685814789613,0.5,0.0,0.5,0.0,0.125,0.04681429965387718,1
DIGITAL-MEDIA,Surveillance Investigator,0.016537662084631307,0.015710778980399742,0.5,0.05466666666666667,0.5,0.0,0.0,0.0,1
HEALTHCARE,Hosts / Hostesses,0.05717866425068721,0.054319731038152845,0.5,0.22533333333333333,0.5,0.0,0.0,0.0,0
BANKING,Surveillance Investigator,0.054686084261525644,0.05195178004844936,0.5,0.05466666666666667,0.5,0.0,0.0,0.01617725622433178,0
HEALTHCARE,Data Management Analyst for Netsmart,0.0770311482611803,0.07317959084812127,0.5,0.075,0.5,0.0,0.0,0.0,0
DESIGNER,Talent Acquisition Specialist / Recruiter,0.039569272139171094,0.037590808532212534,0.5,0.16991150442477876,0.5,0.0,0.125,0.0,1
AGRICULTURE,Management Internship,0.043424421033183294,0.04125319998152413,0.5,0.631,0.5,6.0,0.125,0.0,0
AUTOMOBILE,Part-time   Patient Advocate,0.09297507816871402,0.08832632426027831,0.5,0.12266666666666666,0.5,0.0,0.0,0.0,0
SALES,"Field Sales Representative- Columbus, Ohio",0.09497247648955436,0.09022385266507664,0.5,0.209,0.5,0.0,0.0,0.016397241059962035,1
ACCOUNTANT,Medicaid Fraud Intake Officer  (22000555),0.06435123179096726,0.06113367020141889,0.5,0.0,0.5,0.0,0.0,0.020467867931529705,0
HR,Senior graphic designer,0.04893980094805674,0.0464928109006539,0.0,0.3353333333333333,0.5,12.0,0.0,0.011222692211287702,0
AGRICULTURE,Medical Receptionist / Registrar,0.015276638801957405,0.014512806861859535,0.5,0.6863333333333334,0.5,16.0,0.125,0.0,0
CONSULTANT,Marketing Intern,0.06523379811618017,0.06197210821037116,0.5,0.07233333333333333,0.5,0.0,0.125,0.0,1
ARTS,Inventory Clerk,0.0063670951437811985,0.006048740386592138,0.0,0.8013333333333333,0.5,0.0,0.0,0.0,0
CONSTRUCTION,Construction Project Manager,0.15305411985480227,0.14540141386206215,0.0,0.4796666666666667,0.5,10.0,0.25,0.0729619601609445,1
ACCOUNTANT,"CEO, Positivly",0.050591383274898934,0.04806181411115398,0.5,0.2826666666666667,0.5,0.0,0.0,0.0,0
HR,Vice President/General Manager (VP/GM),0.10591802621758742,0.10062212490670805,0.5,0.0,0.5,0.0,0.0,0.031230526889428213,0
DESIGNER,Teachers at Alpha Park KinderCare,0.028307921903562617,0.026892525808384485,0.5,0.087,0.5,0.0,0.125,0.0,0
AGRICULTURE,Marketing Advisor,0.03249008335320491,0.030865579185544667,0.5,0.0,0.5,0.0,0.0,0.0033016008817394987,0
SALES,Sales Associate,0.10154091844130281,0.09646387251923766,0.5,0.3293333333333333,0.5,21.0,0.0,0.04686065523151092,1
FINANCE,Real Estate Investment Management Associate (Monsey),0.07813676928770295,0.0742299308233178,0.0,0.0,0.5,0.0,0.0,0.04664231203505187,1
HEALTHCARE,Bilingual Spanish CUSTOMER SERVICE REPRESENTATIVE Work From Home...,0.07333419327553016,0.06966748361175365,0.5,0.0,0.5,0.0,0.0,0.038475902042495125,0
CONSTRUCTION,Construction Project Manager,0.03873485581496981,0.03679811302422132,0.5,0.1211031175059952,0.5,0.0,0.0,0.0,1
SALES,Retail Sales Associate (part-time) - 162,0.03803359265947084,0.03613191302649729,0.5,0.0,0.5,5.0,0.125,0.0,1
HR,Senior HR Business Partner,0.09946649643697109,0.09449317161512252,0.0,0.0,0.5,0.0,0.0,0.0,1
CHEF,Technical Support Agent,0.09084163104526426,0.08629954949300105,0.0,0.0,0.5,5.0,0.125,0.11671773546032796,0
DIGITAL-MEDIA,Entry Level Real Estate Agent,0.05329514384423671,0.05063038665202487,0.5,0.308,0.5,35.0,0.125,0.0,1
FINANCE,Technical Support Agent (Remote),0.05399971370253444,0.05129972801740772,0.5,0.0,0.5,0.0,0.0,0.020603792697255926,0
FINANCE,Supply Chain Analyst IV,0.0885141422323908,0.08408843512077126,1.0,0.5923333333333334,0.5,10.0,0.125,0.04490010867636859,1
DIGITAL-MEDIA,SR. Web Designer,0.049942574894741326,0.047445446150004254,0.5,0.0,0.5,0.0,0.25,0.010758841415369359,1
SALES,Senior Sales Marketing Specialist (Programmatic),0.032084432731398035,0.03048021109482813,0.5,0.0,0.5,0.0,0.0,0.09010001767699606,1
INFORMATION-TECHNOLOGY,Animation Programmer,0.05839816586654454,0.05547825757321731,0.5,0.242,0.5,0.0,0.125,0.02265082829967724,1
AVIATION,Network System Administrator,0.02329242530156379,0.0221278040364856,0.0,0.0,0.0,0.0,0.125,0.0,0
BANKING,Banking Center Supervisor,0.08740263456941509,0.08303250284094434,0.5,0.0,0.5,20.0,0.0,0.03009508323501493,1
ENGINEERING,C++ Embedded Engineer with Security Clearance,0.10201971458702747,0.09691872885767609,0.5,0.216,0.5,0.0,0.125,0.0,1
CONSTRUCTION,REMOTE FLEX - Construction Project Manager,0.16024195780215444,0.1522298599120467,0.5,0.0,0.5,21.0,0.125,0.018555447150383063,1
PUBLIC-RELATIONS,Commercial Construction Manager,0.05146043489048184,0.048887413145957744,0.5,0.079,0.5,0.0,0.0,0.0,0
CONSTRUCTION,Software Engineer (Remote),0.034390753854088685,0.03267121616138425,0.0,0.0,0.0,0.0,0.0,0.047670984561105065,0
CONSTRUCTION,Director of Finance,0.07766712045177061,0.07378376442918208,0.5,0.0,0.5,15.0,0.0,0.016061432089622813,0
DIGITAL-MEDIA,Sales And Marketing Representative,0.04776024515192872,0.04537223289433228,0.5,0.658,0.5,0.0,0.125,0.04775847187973571,1
FITNESS,Warehouse Manager IV,0.06166629379959589,0.058582979109616094,0.5,0.0,0.5,12.0,0.25,0.0,0
TEACHER,Sylmar Certified Nursing Assistant CNA for Psychiatric lockdown...,0.01021205508229192,0.009701452328177323,0.5,0.8896666666666667,0.5,4.0,0.0,0.0,0
ARTS,Part-Time Sales Associate | Crowfoot,0.05023385198960205,0.04772215939012194,0.5,0.374,0.5,0.0,0.125,0.01576064663710911,1
DESIGNER,New Business Manager - St. Louis Area,0.0445679849006997,0.042339585655664716,0.5,0.0,0.5,0.0,0.125,0.03003995451183294,1
BANKING,"Administrative Assistant III (Part time) – Remote, Work from Anywhere",0.04446627173495838,0.04224295814821046,0.5,0.0,0.5,10.0,0.25,0.006582780444072342,1
CONSTRUCTION,Editor (Remote or Onsite),0.057363292435721296,0.05449512781393523,0.0,0.6143333333333333,0.5,0.0,0.125,0.018958426522616163,1
BUSINESS-DEVELOPMENT,Sr. HR Business Partner (Hybrid/Remote Role),0.08226718834956985,0.07815382893209136,0.0,0.0,0.5,0.0,0.0,0.1344474277729517,1
PUBLIC-RELATIONS,Restaurant Team Member - Cashier,0.040034483530759335,0.03803275935422137,0.5,0.16933333333333334,0.5,0.0,0.0,0.0,0
DESIGNER,Inventory Clerk,0.05166659545796416,0.04908326568506595,0.0,0.0,0.5,0.0,0.125,0.007565559102835033,0
DIGITAL-MEDIA,Dir Software Solutions Sales Senior,0.0583426534206355,0.055425520749603725,0.5,0.0,0.5,20.0,0.25,0.0,0
CONSULTANT,Real Estate Investment Management Associate (Monsey),0.054973269546880706,0.05222460606953667,1.0,0.0,0.5,0.0,0.125,0.027290660758338185,0
ARTS,Real Estate Agent - Training Provided,0.08973672992576823,0.0852498934294798,0.5,0.357,0.5,2.0,0.0,0.0,0
ADVOCATE,Criminal justice,0.05789380327747479,0.05499911311360105,0.5,0.43166666666666664,0.5,0.0,0.0,0.0,0
INFORMATION-TECHNOLOGY,Inventory Clerk,0.0036614407978042586,0.0034783687579140457,0.0,0.8013333333333333,0.5,0.0,0.125,0.0,1
SALES,UI Web Designer,0.041758267383519614,0.03967035401434363,0.0,0.0003333333333333333,0.5,0.0,0.0,0.0074925239317300794,0
INFORMATION-TECHNOLOGY,Software test Engineer ( Entry Level ),0.027019735940991756,0.02566874914394217,0.5,0.7176666666666667,0.5,0.0,0.125,0.0,1
HEALTHCARE,Patient Access Representative,0.04360958756827766,0.04142910818986378,0.5,0.0,0.5,0.0,0.0,0.0,1
DIGITAL-MEDIA,"Manager, Commerce Marketing",0.08634647971635351,0.08202915573053583,0.5,0.0,0.5,0.0,0.125,0.0,1
AVIATION,Project Manager,0.03453617124800292,0.03280936268560277,0.5,0.0,0.5,19.0,0.0,0.0,0
ARTS,Part-Time Retail Sales Associate,0.0507704097350484,0.048231889248295974,0.5,0.0,0.5,0.0,0.0,0.10502685885680914,1
AVIATION,Equity Research Biotech Associate,0.0572051240007797,0.05434486780074071,1.0,0.017666666666666667,0.5,0.0,0.0,0.0,0
BUSINESS-DEVELOPMENT,Project Manager 100% Remote,0.09170791408311017,0.08712251837895466,0.5,0.0,0.5,0.0,0.0,0.02197826399206747,0
BUSINESS-DEVELOPMENT,Senior Accountant (Remote),0.09434244752785713,0.08962532515146426,0.5,0.0,0.5,0.0,0.0,0.0,1
INFORMATION-TECHNOLOGY,Nursing Assistant (Inpatient Mental Health),0.043625548060564664,0.041444270657536426,0.5,0.0,0.5,0.0,0.0,0.0,0
AVIATION,Seasonal Teller,0.0438270686019699,0.0416357151718714,0.5,0.273,0.5,0.0,0.0,0.041727643708861596,0
FITNESS,Career Coach,0.06623677551577277,0.06292493673998413,0.5,0.11566666666666667,0.5,5.0,0.125,0.02150073211720575,1
BANKING,Customer Experience Specialist II - REMOTE,0.0818956105101605,0.07780082998465247,0.5,0.0,0.5,8.0,0.125,0.0,0
ARTS,Marketing and Visuals Manager for Artist Management Agency,0.040028968941674965,0.03802752049459122,0.5,0.332,0.5,0.0,0.0,0.011460745336454725,1
AUTOMOBILE,Sales Professional,0.018358252252669193,0.017440339640035732,0.5,0.16933333333333334,0.5,6.0,0.125,0.0,0
ADVOCATE,Commercial Real Estate Attorney,0.045576625509385536,0.043297794233916255,0.5,0.5706666666666667,0.5,0.0,0.0,0.034683531610914864,1
BUSINESS-DEVELOPMENT,Software Engineer (Web),0.07546936170944542,0.07169589362397315,0.5,0.8426666666666667,0.5,0.0,0.125,0.0,0
ARTS,Human Resources Director,0.04454811717531757,0.04232071131655169,0.5,0.6336666666666667,0.5,16.0,0.125,0.0,0
BANKING,Sales Leader I - Business Banking Sales Manager,0.10528619552089913,0.10002188574485417,0.5,0.06333333333333334,0.5,15.0,0.0,0.03763598734262341,1
APPAREL,CDL-A Flatbed Truck Driver,0.017311923459658134,0.016446327286675225,0.0,0.1549364613880743,0.5,0.0,0.0,0.0,1
FINANCE,Supply Chain Analyst (ED),0.03954361401706085,0.037566433316207806,1.0,0.2723333333333333,0.5,0.0,0.0,0.0,1
CONSULTANT,IT Systems Administrator,0.10626227827260756,0.10094916435897718,0.0,0.07033333333333333,0.5,0.0,0.125,0.0,0
INFORMATION-TECHNOLOGY,HR Generalist,0.08183250373625096,0.07774087854943841,0.0,0.0,0.5,0.0,0.125,0.021165310354790995,0
DESIGNER,Web Designer,0.03877405036839097,0.03683534784997142,0.25,0.17733333333333334,0.5,0.0,0.125,0.0,1
SALES,Sales Service Representative,0.12474351940750736,0.11850634343713198,0.5,0.39166666666666666,0.5,0.0,0.0,0.0,1
INFORMATION-TECHNOLOGY,Data Entry Operator - REMOTE,0.05760721094614345,0.05472685039883627,0.5,0.385,0.5,17.0,0.125,0.043308043828317905,1
FITNESS,Account Delivery Manager,0.02986992815343898,0.028376431745767032,0.5,0.0,0.5,0.0,0.0,0.0,0
AVIATION,Sr. Art Director,0.02494925732060343,0.02370179445457326,0.5,0.056666666666666664,0.5,0.0,0.0,0.0,0
INFORMATION-TECHNOLOGY,Software Developer - New Graduate,0.15679396198604045,0.14895426388673844,0.0,0.011333333333333334,0.5,16.0,0.0,0.04884783414321744,1
INFORMATION-TECHNOLOGY,Web Developer,0.053366257985233034,0.05069794508597138,0.0,0.0,0.0,10.0,0.0,0.0,1
BUSINESS-DEVELOPMENT,Business Development Manager Private Equity,0.10757492073779298,0.10219617470090334,0.5,0.207,0.5,8.0,0.0,0.0,1
APPAREL,Marketing Specialist,0.025453621475519907,0.02418094040174391,0.5,0.411,0.5,0.0,0.0,0.0,0
INFORMATION-TECHNOLOGY,Mainframe Programmer Analyst,0.08759665647186322,0.08321682364827006,0.5,0.0,0.5,0.0,0.125,0.0,1
SALES,Customer Service Sales Associate,0.04260770140034854,0.04047731633033111,0.5,0.35890815197344156,0.5,0.0,0.0,0.016290823880919767,1
ACCOUNTANT,Talent Acquisition Advisor (Healthcare)   REMOTE,0.03368487929430004,0.03200063532958503,0.5,0.0,0.5,0.0,0.0,0.0,0
HEALTHCARE,Account Executive,0.07202582925702802,0.06842453779417662,0.5,0.0,0.5,0.0,0.0,0.014884663480025625,0
SALES,"Manager, Sales and Customer Service",0.07675944172143301,0.07292146963536135,0.5,0.0026666666666666666,0.5,15.0,0.0,0.022271344471431146,1
ADVOCATE,Member Health Advocate ~ remote,0.10027926307491593,0.09526529992117012,0.5,0.12966666666666668,0.5,10.0,0.0,0.0,1
DIGITAL-MEDIA,Vice President of Marketing,0.07594223997548619,0.07214512797671187,0.5,0.32066666666666666,0.5,0.0,0.0,0.3563004293331381,1
SALES,Retail Furniture Sales Consultant,0.021832344097151957,0.020740726892294357,0.5,0.4046666666666667,0.5,0.0,0.25,0.0,1
SALES,Sr Accountant,0.07083275469818093,0.06729111696327188,0.5,0.09533333333333334,0.5,0.0,0.0,0.05711654637243017,0
CONSTRUCTION,Patient Services Specialist (Remote),0.08469154126976804,0.08045696420627962,0.5,0.0,0.5,22.0,0.0,0.12891404085087935,0
BANKING,CDL-A Truck Driver - $5K Sign On Bonus,0.019973797038721857,0.018975107186785762,0.5,0.5322745901639344,0.5,0.0,0.0,0.0,0
SALES,Web Developer,0.06078055578689014,0.05774152799754563,0.0,0.0,0.0,5.0,0.25,0.0,0
INFORMATION-TECHNOLOGY,Technical Support Representative - Work from Home!,0.054644053466912514,0.05191185079356689,0.5,0.0,0.5,5.0,0.0,0.020047850655273765,1
INFORMATION-TECHNOLOGY,Firmware Test Engineer,0.04501811064209826,0.04276720510999334,0.0,0.254,0.5,0.0,0.0,0.028173293210627934,1
FITNESS,Bilingual Spanish CUSTOMER SERVICE REPRESENTATIVE Work From Home...,0.08207250833599636,0.07796888291919654,0.5,0.0,0.5,0.0,0.0,0.01019050219061,0
SALES,"Furniture Sales Associates - Bridgewater, N.J.",0.14530679678787006,0.13804145694847655,0.5,0.0,0.5,2.0,0.0,0.1888259906720261,1
ACCOUNTANT,Marketing Advisor,0.08080852839567977,0.07676810197589577,0.5,0.0,0.5,0.0,0.0,0.0,0
HR,Registrar,0.045887867848200536,0.04359347445579051,0.5,0.2653333333333333,0.5,0.0,0.125,0.01606683938882688,0
ARTS,Marketing Manager,0.054206481468131125,0.051496157394724566,0.5,0.0,0.5,35.0,0.0,0.0,0
INFORMATION-TECHNOLOGY,Software Engineer (Remote),0.034127576743911404,0.03242119790671583,0.0,0.20666666666666667,0.0,0.0,0.125,0.0,1
TEACHER,"Overnight Janitor - Los Angeles, California",0.009152535807580589,0.008694909017201559,0.5,0.277,0.5,20.0,0.0,0.0,0
DIGITAL-MEDIA,Marketing Director,0.12032591646306535,0.11430962063991208,0.0,0.07233333333333333,0.5,0.0,0.0,0.05269311823553176,1
INFORMATION-TECHNOLOGY,Career Coach Waitlist (Part-time/Contract/US Remote),0.04518766500838851,0.04292828175796908,0.0,0.0,0.0,0.0,0.0,0.01107764106992706,0
SALES,Retail Sales Associate,0.04907445322664075,0.04662073056530871,0.5,0.0,0.5,10.0,0.0,0.0,1
BUSINESS-DEVELOPMENT,Data Entry Operator Remote (Remote),0.0486032332959927,0.04617307163119306,0.5,0.5936666666666667,0.5,8.0,0.125,0.01198296759371262,0
BUSINESS-DEVELOPMENT,Senior Accountant (Remote),0.0676503528000147,0.06426783516001397,0.5,0.0,0.5,10.0,0.0,0.0,1
INFORMATION-TECHNOLOGY,HR Generalist,0.07000977426630281,0.06650928555298767,0.0,0.0,0.5,7.0,0.25,0.0,0
HR,Senior Talent Acquisition Specialist,0.04401327872705087,0.041812614790698324,0.5,0.5803333333333334,0.5,30.0,0.0,0.0,1
BANKING,Entry Level Office Assistant,0.03982764726602246,0.03783626490272134,0.5,0.504,0.5,0.0,0.0,0.05115446162028904,0
FITNESS,Customer Care Embracer,0.07929410161199126,0.07532939653139169,0.5,0.063,0.5,0.0,0.0,0.021560304926029915,1
HR,Admin/Clerical Recruiter,0.1032777915457848,0.09811390196849555,0.5,0.0,0.5,0.0,0.125,0.04379443289128509,1
SALES,Workday Sales Director,0.06085199361798962,0.057809393937090135,0.5,0.14633333333333334,0.5,0.0,0.0,0.0,1
APPAREL,Director human resources,0.02118863847991516,0.0201292065559194,0.5,0.3172690763052209,0.5,0.0,0.0,0.0,0
ARTS,IT Systems Administrator,0.023699908470013138,0.02251491304651248,0.0,0.07033333333333333,0.5,15.0,0.0,0.0,1
FINANCE,Part-time Bank Teller/Financial Services Representative,0.05797173092002554,0.05507314437402426,0.5,0.38866666666666666,0.5,0.0,0.0,0.1059921313509325,1
BANKING,Commercial Contracts Attorney,0.050168693609595284,0.04766025892911552,0.5,0.06633333333333333,0.5,2013.0,0.125,0.0,0
AGRICULTURE,Chief Executive Officer,0.025403813948076066,0.02413362325067226,0.5,0.0,0.5,0.0,0.25,0.0,0
BUSINESS-DEVELOPMENT,Manager Business Development,0.09934952074095647,0.09438204470390865,0.5,0.0,0.5,30.0,0.0,0.0,1
DESIGNER,Nursing Assistant (Inpatient Mental Health),0.04798024217182989,0.045581230063238394,0.5,0.0,0.5,0.0,0.0,0.0,0
AVIATION,Interns (Web Developers Mobile Developers Game Developers),0.0,0.0,0.5,0.9403333333333334,0.5,0.0,0.125,0.0,0
BUSINESS-DEVELOPMENT,Account Delivery Manager,0.1103562586961632,0.10483844576135504,0.5,0.0,0.5,17.0,0.125,0.022355611144329914,1
INFORMATION-TECHNOLOGY,Web Developer,0.07479233647678397,0.07105271965294477,0.0,0.5816666666666667,0.0,10.0,0.0,0.08096024316599365,1
DESIGNER,Front-End Engineer/UI Developer,0.05903335121310191,0.05608168365244681,0.5,0.0,0.5,0.0,0.125,0.06360120575671213,1
SALES,"Regional Sales Manager, Video Conferencing (East)",0.08381340526072036,0.07962273499768434,0.5,0.0,0.5,0.0,0.0,0.0,1
AVIATION,Teachers at Alpha Park KinderCare,0.04673045833285631,0.04439393541621349,0.5,0.087,0.5,8.0,0.125,0.008309899921928095,0
DESIGNER,"Sr. Software Engineer, Networking (Remote)",0.039026441206647715,0.037075119146315325,0.0,0.0182648401826484,0.5,0.0,0.0,0.01704582608634308,0
BUSINESS-DEVELOPMENT,"Entry Level Claims and Customer Service Positions! Training Program and Career Growth! Chicago, IL",0.06254566028595725,0.059418377271659384,0.5,0.0,0.5,0.0,0.0,0.0,1
TEACHER,Senior Vice President of Property Management,0.05989006086150537,0.0568955578184301,0.5,0.165,0.5,0.0,0.0,0.0,0
BANKING,Chief Executive Officer (CEO),0.020508318768345433,0.01948290282992816,0.5,0.49466666666666664,0.5,0.0,0.0,0.0,1
CONSULTANT,Design Consultant- Interior Design/Sales Consultant in Englishtown at Ethan Allen Global Inc.,0.06629463307531397,0.06297990142154827,0.5,0.23066666666666666,0.5,0.0,0.125,0.0,1
DESIGNER,Talent Acquisition Coordinator/ Technical Recruiter (100% Remote...,0.07252425505268448,0.06889804230005026,1.0,0.19033333333333333,0.5,0.0,0.125,0.0,1
